"Address","Occurrences","Meta Description 1","Meta Description 1 Length","Meta Description 1 Pixel Width","Indexability","Indexability Status"
"https://businessrocket.ai/","1","Business Rocket is a leading Digital Agency with global reach & services. Expert web design, SEO & marketing services for real business growth. Call Now.","153","941","Indexable",""
"https://businessrocket.ai/services/","1","Explore our wide range of digital marketing services designed to meet your needs and exceed your expectations.","110","688","Indexable",""
"https://businessrocket.ai/privacy-policy/","1","Read our privacy policy to understand how we collect and use your personal data while visiting Business Rocket.","111","691","Indexable",""
"https://businessrocket.ai/our-team/","1","At Business Rocket, our team helps startups and entrepreneurs bring their ideas online. From brand strategy and design to execution and marketing, our team does it all.","168","1037","Indexable",""
"https://businessrocket.ai/web-design-development/","1","Trusted web design and development company serving Maryland, Virginia, Baltimore, and Montgomery County. Expert designers & developers for custom websites.","155","1007","Indexable",""
"https://businessrocket.ai/wordpress-hosting-maintenance/","1","Speed up & secure your WordPress site with our hosting and care plans. Business Rocket handles updates, backups & performance. Contact us today.","144","925","Indexable",""
"https://businessrocket.ai/blog/","1","Stay ahead with digital marketing tips, SEO strategies, web design trends & more from Business Rocket’s expert blog. Get in touch with us today.","144","889","Indexable",""
"https://businessrocket.ai/paid-advertising/","1","Get more leads and sales with paid advertising by Business Rocket. We craft Google Ads tailored to your business goals, audience, and budget. Call now.","151","938","Indexable",""
"https://businessrocket.ai/seo-packages/","1","We offer expert SEO services tailored to your business goals. Trusted by clients across Maryland & Virginia for proven strategies that deliver real results.","156","932","Indexable",""
"https://businessrocket.ai/work/","1","Start your digital journey with Business Rocket. Contact us today for personalized strategies that work. We’re here to grow your business. Call now.","148","907","Indexable",""
"https://businessrocket.ai/social-media-marketing/","1","Business Rocket provides effective, data-driven social media marketing in Virginia. Boost reach, connect with clients and grow your brand online. Call now.","155","949","Indexable",""
"https://businessrocket.ai/contact/","0","","0","0","Indexable",""
"https://businessrocket.ai/brand-strategy/","1","Business Rocket help businesses create unforgettable brands. Get a custom brand strategy that drives awareness, trust & growth. Call now to get a quote.","152","954","Indexable",""
"https://businessrocket.ai/project-category/automotive-services/","0","","0","0","Non-Indexable","noindex"
"https://businessrocket.ai/project/certified-montessori-tutor/","0","","0","0","Non-Indexable","noindex"
"https://businessrocket.ai/project-category/contractors/","0","","0","0","Non-Indexable","noindex"
"https://businessrocket.ai/project/tlc-home-renovation/","0","","0","0","Non-Indexable","noindex"
"https://businessrocket.ai/project/rg-concrete/","0","","0","0","Non-Indexable","noindex"
"https://businessrocket.ai/project-category/event-production/","0","","0","0","Non-Indexable","noindex"
"https://businessrocket.ai/project/calgary-cash-for-junk-cars/","0","","0","0","Non-Indexable","noindex"
"https://businessrocket.ai/work/2/","1","Start your digital journey with Business Rocket. Contact us today for personalized strategies that work. We’re here to grow your business. Call now.","148","907","Non-Indexable","Canonicalised"
"https://businessrocket.ai/project/cnc-pipe-profiler/","0","","0","0","Non-Indexable","noindex"
"https://businessrocket.ai/project/12-mile-event-production/","0","","0","0","Non-Indexable","noindex"
"https://businessrocket.ai/project-category/education/","0","","0","0","Non-Indexable","noindex"
"https://businessrocket.ai/wix-vs-wordpress/","1","If you’re trying to decide between Wix vs. WordPress content management systems, we’re here to provide the pros and cons of each.","129","814","Indexable",""
"https://businessrocket.ai/what-is-ecommerce/","1","Here’s a beginner’s guide to getting started and tips to help you build a successful e-commerce strategy to help grow your business.","132","809","Indexable",""
"https://businessrocket.ai/how-to-use-wordpress/","1","Learn how to use WordPress with our beginner tutorial for 9 skills that you need to know before you build your website.","119","731","Indexable",""
"https://businessrocket.ai/best-wordpress-themes/","1","Discover the 13 best WordPress themes available on the market today to help set your website apart. These themes wow, inspire awe, deliver elegance, and more.","158","992","Indexable",""
"https://businessrocket.ai/ecommerce-websites/","1","Looking to find out what makes great e-commerce websites? Learn what makes a top ecommerce destination by checking out these stylish websites","141","915","Indexable",""
"https://businessrocket.ai/squarespace-vs-wordpress/","1","We’re tackling the Squarespace vs WordPress debate to weigh the pros & cons of each CMS so you know which to use for your new website","133","857","Indexable",""
"https://businessrocket.ai/category/hosting-development/","0","","0","0","Indexable",""
"https://businessrocket.ai/category/strategy-planning/","0","","0","0","Indexable",""
"https://businessrocket.ai/category/themes-plugins/","0","","0","0","Indexable",""
"https://businessrocket.ai/tag/wordpress-hosting/","0","","0","0","Non-Indexable","noindex"
"https://businessrocket.ai/category/for-beginners/","0","","0","0","Indexable",""
"https://businessrocket.ai/category/resources/","0","","0","0","Indexable",""
"https://businessrocket.ai/tag/web-design-development/","0","","0","0","Non-Indexable","noindex"
"https://businessrocket.ai/project/astrea-managed-real-estate/","0","","0","0","Non-Indexable","noindex"
"https://businessrocket.ai/project-category/retail/","0","","0","0","Non-Indexable","noindex"
"https://businessrocket.ai/project-category/content-marketing/","0","","0","0","Non-Indexable","noindex"
"https://businessrocket.ai/project/san-corp-reliable-commercial-sanitation/","1","","0","0","Non-Indexable","noindex"
"https://businessrocket.ai/project/flooring-clearance-warehouse/","0","","0","0","Non-Indexable","noindex"
"https://businessrocket.ai/project/high-society-real-estate-marketing/","0","","0","0","Non-Indexable","noindex"
"https://businessrocket.ai/project/pink-pumpkin-farm/","1","","0","0","Non-Indexable","noindex"
"https://businessrocket.ai/project-category/seo/","0","","0","0","Non-Indexable","noindex"
"https://businessrocket.ai/project/another-storey-renovations/","0","","0","0","Non-Indexable","noindex"
"https://businessrocket.ai/seo-services/","1","Looking to improve your rankings? Here are 7 key SEO services that will generate more traffic to your website and increase your rankings.","137","844","Indexable",""
"https://businessrocket.ai/seo-tools/","1","Don’t linger in the Stone Age of marketing. Use some of these great SEO tools today and start optimizing your online contents.","126","774","Indexable",""
"https://businessrocket.ai/social-media-marketing-tools/","1","Social media marketing is time-consuming. But, there are social media marketing tools that can save time and make your efforts effective.","137","847","Indexable",""
"https://businessrocket.ai/best-email-marketing-platform/","1","Finding the best email marketing platform for your business shouldn't be hard, Here are the best email services to help you meet your goals.","140","855","Indexable",""
"https://businessrocket.ai/what-is-seo/","1","What is SEO and why is it important? This in-depth guide to search engine optimization will answer your key SEO questions.","122","757","Indexable",""
"https://businessrocket.ai/domain-auction/","1","Explore the world of domain auctions and discover how to buy and sell digital real estate effortlessly online.","110","659","Indexable",""
"https://businessrocket.ai/wordpress-seo/","1","Looking to optimize your WordPress SEO? Here are our top tips and plugins to ensure that you are doing everything you can for customers.","136","855","Indexable",""
"https://businessrocket.ai/best-website-hosting/","1","Looking for the best website hosting provider? We’ve made the process simple for you. Check out our picks for the top 4 providers of 2025.","138","851","Indexable",""
"https://businessrocket.ai/wordpress-plugins/","1","Have more control over your website and give your visitors a fully optimized experience with these 18 most popular WordPress plugins.","133","828","Indexable",""
"https://businessrocket.ai/wordpress-template/","1","Learn how to create custom WordPress themes that will make a long-lasting impact with dynamic functionality and design on any website.","134","854","Indexable",""
"https://businessrocket.ai/free-wordpress-themes/","1","Looking for the right theme for your website? Check out these 15 sites where you can find free WordPress themes from the best designers.","136","851","Indexable",""
"https://businessrocket.ai/wordpress-theme/","1","Choosing your WordPress theme can be difficult, but our comprehensive guide makes it easy to find the best theme for your website.","130","814","Indexable",""
"https://businessrocket.ai/best-newsletter-design/","1","If you are to win the battle of the inbox, you need to have the best newsletter design around. Use these email design tips.","123","738","Indexable",""
"https://businessrocket.ai/social-media-expert/","1","What can you do to establish yourself as one of the best in your company ? That’s easy - become a social media expert. We’ll show you how.","138","859","Indexable",""
"https://businessrocket.ai/digital-advertising-agency/","1","Here are 6 things you should know on how to find the right digital advertising agency to help you consistently engage your target market?","137","845","Indexable",""
"https://businessrocket.ai/seo-keywords/","1","Unlock your website's potential by mastering SEO keywords. Discover how to choose the best keywords for your content.","117","744","Indexable",""
"https://businessrocket.ai/benefits-of-social-media-marketing/","1","Have you started using social media in your business yet? 7 benefits of social media marketing that will have a major impact on your company.","141","877","Indexable",""
"https://businessrocket.ai/facebook-ads-guide/","1","Need a complete Facebook ads guide? Keeping up with digital marketing is intense, so here’s help on how to pick the right ads for you.","134","822","Indexable",""
"https://businessrocket.ai/social-media-marketing-plan/","1","Starting a social media marketing plan doesn't need to be a difficult task. Here are 7 easy and detailed steps to get you on the way.","133","801","Indexable",""
"https://businessrocket.ai/social-media-marketing-agencies/","1","Not all social media marketing agencies are the same. You need to do some research to pick the right one for you, and this guide will help.","139","841","Indexable",""
"https://businessrocket.ai/yoast-seo/","1","Yoast SEO helps make search engine optimization simpler. Here's how to install and optimize the popular WordPress plugin!","121","760","Indexable",""
"https://businessrocket.ai/wordpress-hosting/","1","Increase sales with the right hosting company! Learn how to choose your WordPress hosting provider to have a fast, secure, and reliable site.","141","868","Indexable",""
