"Address","Content Type","Status Code","Status","Indexability","Indexability Status","Hash","Length","Canonical Link Element 1","URL Encoded Address"
"https://businessrocket.ai/","text/html; charset=UTF-8","200","OK","Indexable","","3e3b6e71de3f4f73267de79a1ce07077","26","https://businessrocket.ai/","https://businessrocket.ai/"
"https://businessrocket.ai/wp-includes/js/mediaelement/wp-mediaelement.js?ver=6.9.1","application/javascript","200","OK","Indexable","","","82","","https://businessrocket.ai/wp-includes/js/mediaelement/wp-mediaelement.js?ver=6.9.1"
"https://businessrocket.ai/wp-content/plugins/woocommerce/assets/js/frontend/add-to-cart.min.js?ver=10.5.2","application/javascript","200","OK","Indexable","","","105","","https://businessrocket.ai/wp-content/plugins/woocommerce/assets/js/frontend/add-to-cart.min.js?ver=10.5.2"
"https://businessrocket.ai/wp-content/uploads/elementor/css/post-254.css?ver=1771437169","text/css","200","OK","Indexable","","","86","","https://businessrocket.ai/wp-content/uploads/elementor/css/post-254.css?ver=1771437169"
"https://businessrocket.ai/wp-content/plugins/google-site-kit/dist/assets/js/googlesitekit-events-provider-contact-form-7-83c32a029ed2cf5b6a82.js","application/javascript","200","OK","Indexable","","","144","","https://businessrocket.ai/wp-content/plugins/google-site-kit/dist/assets/js/googlesitekit-events-provider-contact-form-7-83c32a029ed2cf5b6a82.js"
"https://businessrocket.ai/wp-content/plugins/elementor-pro/assets/css/modules/motion-fx.css?ver=3.35.1","text/css","200","OK","Indexable","","","102","","https://businessrocket.ai/wp-content/plugins/elementor-pro/assets/css/modules/motion-fx.css?ver=3.35.1"
"https://businessrocket.ai/wp-content/plugins/wpc-buy-now-button/assets/js/frontend.js?ver=2.1.9","application/javascript","200","OK","Indexable","","","95","","https://businessrocket.ai/wp-content/plugins/wpc-buy-now-button/assets/js/frontend.js?ver=2.1.9"
"https://businessrocket.ai/wp-content/plugins/jeg-elementor-kit/assets/fonts/jkiticon/jkiticon.css?ver=3.0.3","text/css","200","OK","Indexable","","","107","","https://businessrocket.ai/wp-content/plugins/jeg-elementor-kit/assets/fonts/jkiticon/jkiticon.css?ver=3.0.3"
"https://businessrocket.ai/wp-content/plugins/woocommerce-product-bundles/assets/css/frontend/woocommerce.css?ver=7.1.0","text/css","200","OK","Indexable","","","118","","https://businessrocket.ai/wp-content/plugins/woocommerce-product-bundles/assets/css/frontend/woocommerce.css?ver=7.1.0"
"https://businessrocket.ai/wp-content/plugins/woocommerce/assets/css/photoswipe/default-skin/default-skin.min.css?ver=4.6.3","text/css","200","OK","Indexable","","","122","","https://businessrocket.ai/wp-content/plugins/woocommerce/assets/css/photoswipe/default-skin/default-skin.min.css?ver=4.6.3"
"https://businessrocket.ai/wp-content/uploads/2025/06/Alexaisjpg-04.jpg","image/jpeg","200","OK","Indexable","","","70","","https://businessrocket.ai/wp-content/uploads/2025/06/Alexaisjpg-04.jpg"
"https://businessrocket.ai/wp-content/plugins/woocommerce-subscriptions-pro/common/css/woocommerce-subscriptions-pro-common.css?ver=2.6.5","text/css","200","OK","Indexable","","","136","","https://businessrocket.ai/wp-content/plugins/woocommerce-subscriptions-pro/common/css/woocommerce-subscriptions-pro-common.css?ver=2.6.5"
"https://businessrocket.ai/wp-content/plugins/wc-product-table-lite/assets/multirange/css.min.css?ver=4.6.3","text/css","200","OK","Indexable","","","106","","https://businessrocket.ai/wp-content/plugins/wc-product-table-lite/assets/multirange/css.min.css?ver=4.6.3"
"https://businessrocket.ai/wp-content/uploads/2025/06/Alexaisjpg-01-1536x768-1.jpg","image/jpeg","200","OK","Indexable","","","81","","https://businessrocket.ai/wp-content/uploads/2025/06/Alexaisjpg-01-1536x768-1.jpg"
"https://businessrocket.ai/wp-content/plugins/contact-form-7/includes/js/index.js?ver=6.1.5","application/javascript","200","OK","Indexable","","","90","","https://businessrocket.ai/wp-content/plugins/contact-form-7/includes/js/index.js?ver=6.1.5"
"https://businessrocket.ai/wp-content/uploads/elementor/css/post-2616.css?ver=1771428152","text/css","200","OK","Indexable","","","87","","https://businessrocket.ai/wp-content/uploads/elementor/css/post-2616.css?ver=1771428152"
"https://businessrocket.ai/wp-content/plugins/metform/public/assets/css/text-editor.css?ver=4.1.2","text/css","200","OK","Indexable","","","96","","https://businessrocket.ai/wp-content/plugins/metform/public/assets/css/text-editor.css?ver=4.1.2"
"https://businessrocket.ai/wp-content/plugins/woocommerce/assets/js/frontend/add-to-cart-variation.min.js?ver=10.5.2","application/javascript","200","OK","Indexable","","","115","","https://businessrocket.ai/wp-content/plugins/woocommerce/assets/js/frontend/add-to-cart-variation.min.js?ver=10.5.2"
"https://businessrocket.ai/wp-content/plugins/woocommerce-subscriptions-pro/public/js/wps-public.min.js?ver=2.6.5","application/javascript","200","OK","Indexable","","","112","","https://businessrocket.ai/wp-content/plugins/woocommerce-subscriptions-pro/public/js/wps-public.min.js?ver=2.6.5"
"https://businessrocket.ai/wp-content/uploads/2025/03/Pink-Pumpking-Farm.webp","image/webp","200","OK","Indexable","","","76","","https://businessrocket.ai/wp-content/uploads/2025/03/Pink-Pumpking-Farm.webp"
"https://businessrocket.ai/wp-content/plugins/jeg-elementor-kit/assets/js/tiny-slider/tiny-slider.js?ver=2.9.3","application/javascript","200","OK","Indexable","","","109","","https://businessrocket.ai/wp-content/plugins/jeg-elementor-kit/assets/js/tiny-slider/tiny-slider.js?ver=2.9.3"
"https://businessrocket.ai/wp-includes/js/dist/hooks.js?ver=220ff17f5667d013d468","application/javascript","200","OK","Indexable","","","79","","https://businessrocket.ai/wp-includes/js/dist/hooks.js?ver=220ff17f5667d013d468"
"https://businessrocket.ai/services/","text/html; charset=UTF-8","200","OK","Indexable","","6caa0f1048e5e740da4116088a1820cc","35","https://businessrocket.ai/services/","https://businessrocket.ai/services/"
"https://businessrocket.ai/wp-content/plugins/jeg-elementor-kit/assets/js/elements/testimonials.js?ver=3.0.3","application/javascript","200","OK","Indexable","","","107","","https://businessrocket.ai/wp-content/plugins/jeg-elementor-kit/assets/js/elements/testimonials.js?ver=3.0.3"
"https://businessrocket.ai/privacy-policy/","text/html; charset=UTF-8","200","OK","Indexable","","7cfcf1084f655d4269917f6af81073e7","41","https://businessrocket.ai/privacy-policy/","https://businessrocket.ai/privacy-policy/"
"https://businessrocket.ai/wp-content/plugins/elementor/assets/lib/font-awesome/js/v4-shims.js?ver=3.35.5","application/javascript","200","OK","Indexable","","","104","","https://businessrocket.ai/wp-content/plugins/elementor/assets/lib/font-awesome/js/v4-shims.js?ver=3.35.5"
"https://businessrocket.ai/wp-includes/js/dist/i18n.js?ver=6b3ae5bd3b8d9598492d","application/javascript","200","OK","Indexable","","","78","","https://businessrocket.ai/wp-includes/js/dist/i18n.js?ver=6b3ae5bd3b8d9598492d"
"https://businessrocket.ai/wp-content/uploads/2025/02/2.png","image/png","200","OK","Indexable","","","58","","https://businessrocket.ai/wp-content/uploads/2025/02/2.png"
"https://businessrocket.ai/wp-content/uploads/elementor/css/post-2963.css?ver=1771428152","text/css","200","OK","Indexable","","","87","","https://businessrocket.ai/wp-content/uploads/elementor/css/post-2963.css?ver=1771428152"
"https://businessrocket.ai/wp-content/plugins/quick-buy-now-button-for-woocommerce/build/frontend.js?ver=1.1.0","application/javascript","200","OK","Indexable","","","109","","https://businessrocket.ai/wp-content/plugins/quick-buy-now-button-for-woocommerce/build/frontend.js?ver=1.1.0"
"https://businessrocket.ai/wp-content/plugins/woocommerce-currency-switcher/js/price-slider_33.js?ver=2.4.2.3","application/javascript","200","OK","Indexable","","","108","","https://businessrocket.ai/wp-content/plugins/woocommerce-currency-switcher/js/price-slider_33.js?ver=2.4.2.3"
"https://businessrocket.ai/wp-content/plugins/woocommerce/assets/js/frontend/order-attribution.js?ver=10.5.2","application/javascript","200","OK","Indexable","","","107","","https://businessrocket.ai/wp-content/plugins/woocommerce/assets/js/frontend/order-attribution.js?ver=10.5.2"
"https://businessrocket.ai/wp-includes/js/jquery/ui/core.js?ver=1.13.3","application/javascript","200","OK","Indexable","","","69","","https://businessrocket.ai/wp-includes/js/jquery/ui/core.js?ver=1.13.3"
"https://businessrocket.ai/our-team/","text/html; charset=UTF-8","200","OK","Indexable","","12d62f78d8220ee680dfd574694e4472","35","https://businessrocket.ai/our-team/","https://businessrocket.ai/our-team/"
"https://businessrocket.ai/wp-includes/js/wp-util.js?ver=6.9.1","application/javascript","200","OK","Indexable","","","61","","https://businessrocket.ai/wp-includes/js/wp-util.js?ver=6.9.1"
"https://businessrocket.ai/wp-content/plugins/woocommerce-product-bundles/assets/css/frontend/checkout-blocks.css?ver=1760028350","text/css","200","OK","Indexable","","","127","","https://businessrocket.ai/wp-content/plugins/woocommerce-product-bundles/assets/css/frontend/checkout-blocks.css?ver=1760028350"
"https://businessrocket.ai/wp-content/plugins/woocommerce/assets/js/photoswipe/photoswipe-ui-default.min.js?ver=4.6.3","application/javascript","200","OK","Indexable","","","116","","https://businessrocket.ai/wp-content/plugins/woocommerce/assets/js/photoswipe/photoswipe-ui-default.min.js?ver=4.6.3"
"https://businessrocket.ai/wp-content/uploads/elementor/css/post-2957.css?ver=1771428152","text/css","200","OK","Indexable","","","87","","https://businessrocket.ai/wp-content/uploads/elementor/css/post-2957.css?ver=1771428152"
"https://businessrocket.ai/wp-content/plugins/woocommerce/assets/js/photoswipe/photoswipe.min.js?ver=4.6.3","application/javascript","200","OK","Indexable","","","105","","https://businessrocket.ai/wp-content/plugins/woocommerce/assets/js/photoswipe/photoswipe.min.js?ver=4.6.3"
"https://businessrocket.ai/wp-content/plugins/contact-form-7/includes/swv/js/index.js?ver=6.1.5","application/javascript","200","OK","Indexable","","","94","","https://businessrocket.ai/wp-content/plugins/contact-form-7/includes/swv/js/index.js?ver=6.1.5"
"https://businessrocket.ai/wp-content/plugins/woocommerce-currency-switcher/js/real-price-filter-frontend.js?ver=2.4.2.3","application/javascript","200","OK","Indexable","","","119","","https://businessrocket.ai/wp-content/plugins/woocommerce-currency-switcher/js/real-price-filter-frontend.js?ver=2.4.2.3"
"https://businessrocket.ai/wp-content/plugins/keyword-hub-campaign-generator/assets/admin.js?ver=4.3.2-fixed","application/javascript","200","OK","Indexable","","","107","","https://businessrocket.ai/wp-content/plugins/keyword-hub-campaign-generator/assets/admin.js?ver=4.3.2-fixed"
"https://businessrocket.ai/wp-content/plugins/mailin/css/mailin-front.css?ver=6.9.1","text/css","200","OK","Indexable","","","82","","https://businessrocket.ai/wp-content/plugins/mailin/css/mailin-front.css?ver=6.9.1"
"https://businessrocket.ai/wp-content/plugins/woocommerce/assets/js/frontend/cart-fragments.js?ver=10.5.2","application/javascript","200","OK","Indexable","","","104","","https://businessrocket.ai/wp-content/plugins/woocommerce/assets/js/frontend/cart-fragments.js?ver=10.5.2"
"https://businessrocket.ai/wp-content/plugins/woocommerce/assets/js/sourcebuster/sourcebuster.js?ver=10.5.2","application/javascript","200","OK","Indexable","","","106","","https://businessrocket.ai/wp-content/plugins/woocommerce/assets/js/sourcebuster/sourcebuster.js?ver=10.5.2"
"https://businessrocket.ai/web-design-development/","text/html; charset=UTF-8","200","OK","Indexable","","afd349b75b0011e728a22cf2fa74f307","49","https://businessrocket.ai/web-design-development/","https://businessrocket.ai/web-design-development/"
"https://businessrocket.ai/wp-includes/js/mediaelement/wp-mediaelement.css?ver=6.9.1","text/css","200","OK","Indexable","","","83","","https://businessrocket.ai/wp-includes/js/mediaelement/wp-mediaelement.css?ver=6.9.1"
"https://businessrocket.ai/wp-content/plugins/jeg-elementor-kit/assets/css/elements/main.css?ver=3.0.3","text/css","200","OK","Indexable","","","101","","https://businessrocket.ai/wp-content/plugins/jeg-elementor-kit/assets/css/elements/main.css?ver=3.0.3"
"https://businessrocket.ai/wordpress-hosting-maintenance/","text/html; charset=UTF-8","200","OK","Indexable","","34daf16b1741b4cc7f11381c4bcd3e3","56","https://businessrocket.ai/wordpress-hosting-maintenance/","https://businessrocket.ai/wordpress-hosting-maintenance/"
"https://businessrocket.ai/wp-includes/js/mediaelement/mediaelement-and-player.js?ver=4.2.17","application/javascript","200","OK","Indexable","","","91","","https://businessrocket.ai/wp-includes/js/mediaelement/mediaelement-and-player.js?ver=4.2.17"
"https://businessrocket.ai/wp-content/plugins/woocommerce-subscriptions-pro/common/js/woocommerce-subscriptions-pro-common.js?ver=2.6.5","application/javascript","200","OK","Indexable","","","134","","https://businessrocket.ai/wp-content/plugins/woocommerce-subscriptions-pro/common/js/woocommerce-subscriptions-pro-common.js?ver=2.6.5"
"https://businessrocket.ai/wp-content/plugins/elementor/assets/js/frontend-modules.js?ver=3.35.5","application/javascript","200","OK","Indexable","","","95","","https://businessrocket.ai/wp-content/plugins/elementor/assets/js/frontend-modules.js?ver=3.35.5"
"https://businessrocket.ai/wp-content/plugins/jeg-elementor-kit/assets/js/tiny-slider/tiny-slider.css?ver=2.9.3","text/css","200","OK","Indexable","","","110","","https://businessrocket.ai/wp-content/plugins/jeg-elementor-kit/assets/js/tiny-slider/tiny-slider.css?ver=2.9.3"
"https://businessrocket.ai/wp-content/plugins/woocommerce/assets/css/woocommerce-smallscreen.css?ver=10.5.2","text/css","200","OK","Indexable","","","106","","https://businessrocket.ai/wp-content/plugins/woocommerce/assets/css/woocommerce-smallscreen.css?ver=10.5.2"
"https://businessrocket.ai/wp-content/plugins/elementor/assets/css/widget-social-icons.min.css?ver=3.35.5","text/css","200","OK","Indexable","","","104","","https://businessrocket.ai/wp-content/plugins/elementor/assets/css/widget-social-icons.min.css?ver=3.35.5"
"https://businessrocket.ai/wp-content/plugins/elementor/assets/lib/swiper/v8/swiper.js?ver=8.4.5","application/javascript","200","OK","Indexable","","","95","","https://businessrocket.ai/wp-content/plugins/elementor/assets/lib/swiper/v8/swiper.js?ver=8.4.5"
"https://businessrocket.ai/wp-content/plugins/elementor/assets/js/frontend.js?ver=3.35.5","application/javascript","200","OK","Indexable","","","87","","https://businessrocket.ai/wp-content/plugins/elementor/assets/js/frontend.js?ver=3.35.5"
"https://businessrocket.ai/wp-content/uploads/2025/03/San-Corp.webp","image/webp","200","OK","Indexable","","","66","","https://businessrocket.ai/wp-content/uploads/2025/03/San-Corp.webp"
"https://businessrocket.ai/blog/","text/html; charset=UTF-8","200","OK","Indexable","","5fbe6875740cd6d78c3be1b5e6a871b0","31","https://businessrocket.ai/blog/","https://businessrocket.ai/blog/"
"https://businessrocket.ai/cdn-cgi/scripts/7d0fa10a/cloudflare-static/rocket-loader.min.js","application/javascript","200","OK","Indexable","","","89","","https://businessrocket.ai/cdn-cgi/scripts/7d0fa10a/cloudflare-static/rocket-loader.min.js"
"https://businessrocket.ai/paid-advertising/","text/html; charset=UTF-8","200","OK","Indexable","","c1942c7be841d0c6e5bdd4a9d9dcea15","43","https://businessrocket.ai/paid-advertising/","https://businessrocket.ai/paid-advertising/"
"https://businessrocket.ai/brand-strategy","text/html; charset=UTF-8","301","Moved Permanently","Non-Indexable","Redirected","","40","","https://businessrocket.ai/brand-strategy"
"https://businessrocket.ai/about-us/","text/html; charset=UTF-8","301","Moved Permanently","Non-Indexable","Redirected","","35","","https://businessrocket.ai/about-us/"
"https://businessrocket.ai/wp-content/plugins/x-scroll-to-top-responsive/assets/js/active.js?ver=3.1.1","application/javascript","200","OK","Indexable","","","101","","https://businessrocket.ai/wp-content/plugins/x-scroll-to-top-responsive/assets/js/active.js?ver=3.1.1"
"https://businessrocket.ai/wp-content/themes/hello-elementor/assets/css/theme.css?ver=3.4.6","text/css","200","OK","Indexable","","","90","","https://businessrocket.ai/wp-content/themes/hello-elementor/assets/css/theme.css?ver=3.4.6"
"https://businessrocket.ai/wp-includes/js/jquery/ui/slider.js?ver=1.13.3","application/javascript","200","OK","Indexable","","","71","","https://businessrocket.ai/wp-includes/js/jquery/ui/slider.js?ver=1.13.3"
"https://businessrocket.ai/wp-content/uploads/2025/03/Astrea-Real-Estate-1.webp","image/webp","200","OK","Indexable","","","78","","https://businessrocket.ai/wp-content/uploads/2025/03/Astrea-Real-Estate-1.webp"
"https://businessrocket.ai/wp-content/uploads/2025/03/Untitled-design-5.png","image/png","200","OK","Indexable","","","74","","https://businessrocket.ai/wp-content/uploads/2025/03/Untitled-design-5.png"
"https://businessrocket.ai/wp-content/plugins/elementor/assets/lib/animations/styles/fadeIn.css?ver=3.35.5","text/css","200","OK","Indexable","","","105","","https://businessrocket.ai/wp-content/plugins/elementor/assets/lib/animations/styles/fadeIn.css?ver=3.35.5"
"https://businessrocket.ai/wp-includes/js/mediaelement/mediaelementplayer-legacy.min.css?ver=4.2.17","text/css","200","OK","Indexable","","","98","","https://businessrocket.ai/wp-includes/js/mediaelement/mediaelementplayer-legacy.min.css?ver=4.2.17"
"https://businessrocket.ai/wp-content/plugins/woocommerce/assets/js/js-cookie/js.cookie.js?ver=2.1.4-wc.10.5.2","application/javascript","200","OK","Indexable","","","109","","https://businessrocket.ai/wp-content/plugins/woocommerce/assets/js/js-cookie/js.cookie.js?ver=2.1.4-wc.10.5.2"
"https://businessrocket.ai/wp-content/plugins/mailin/js/mailin-front.js?ver=1770838258","application/javascript","200","OK","Indexable","","","85","","https://businessrocket.ai/wp-content/plugins/mailin/js/mailin-front.js?ver=1770838258"
"https://businessrocket.ai/wp-content/plugins/elementor/assets/lib/animations/styles/e-animation-float.css?ver=3.35.5","text/css","200","OK","Indexable","","","116","","https://businessrocket.ai/wp-content/plugins/elementor/assets/lib/animations/styles/e-animation-float.css?ver=3.35.5"
"https://businessrocket.ai/wp-content/plugins/subscriptions-for-woocommerce/public/js/subscriptions-for-woocommerce-public.js?ver=1.9.2","application/javascript","200","OK","Indexable","","","134","","https://businessrocket.ai/wp-content/plugins/subscriptions-for-woocommerce/public/js/subscriptions-for-woocommerce-public.js?ver=1.9.2"
"https://businessrocket.ai/seo-packages/","text/html; charset=UTF-8","200","OK","Indexable","","67c889be7dbcd81bb3384fd107aa8890","39","https://businessrocket.ai/seo-packages/","https://businessrocket.ai/seo-packages/"
"https://businessrocket.ai/web-design-development","text/html; charset=UTF-8","301","Moved Permanently","Non-Indexable","Redirected","","48","","https://businessrocket.ai/web-design-development"
"https://businessrocket.ai/wp-content/plugins/elementor-pro/assets/js/frontend.js?ver=3.35.1","application/javascript","200","OK","Indexable","","","91","","https://businessrocket.ai/wp-content/plugins/elementor-pro/assets/js/frontend.js?ver=3.35.1"
"https://businessrocket.ai/wp-content/plugins/metform/public/assets/lib/cute-alert/cute-alert.js?ver=4.1.2","application/javascript","200","OK","Indexable","","","105","","https://businessrocket.ai/wp-content/plugins/metform/public/assets/lib/cute-alert/cute-alert.js?ver=4.1.2"
"https://businessrocket.ai/wp-content/plugins/wc-product-table-lite/assets/js.min.js?ver=4.6.3","application/javascript","200","OK","Indexable","","","93","","https://businessrocket.ai/wp-content/plugins/wc-product-table-lite/assets/js.min.js?ver=4.6.3"
"https://businessrocket.ai/wp-content/uploads/2025/03/Untitled-design-6-300x300.png","image/png","200","OK","Indexable","","","82","","https://businessrocket.ai/wp-content/uploads/2025/03/Untitled-design-6-300x300.png"
"https://businessrocket.ai/wp-content/plugins/woocommerce/assets/css/woocommerce.css?ver=10.5.2","text/css","200","OK","Indexable","","","94","","https://businessrocket.ai/wp-content/plugins/woocommerce/assets/css/woocommerce.css?ver=10.5.2"
"https://businessrocket.ai/wp-content/plugins/elementor/assets/css/widget-heading.min.css?ver=3.35.5","text/css","200","OK","Indexable","","","99","","https://businessrocket.ai/wp-content/plugins/elementor/assets/css/widget-heading.min.css?ver=3.35.5"
"https://businessrocket.ai/wp-content/plugins/elementor/assets/lib/swiper/v8/css/swiper.css?ver=8.4.5","text/css","200","OK","Indexable","","","100","","https://businessrocket.ai/wp-content/plugins/elementor/assets/lib/swiper/v8/css/swiper.css?ver=8.4.5"
"https://businessrocket.ai/wp-content/plugins/woocommerce/assets/css/woocommerce-layout.css?ver=10.5.2","text/css","200","OK","Indexable","","","101","","https://businessrocket.ai/wp-content/plugins/woocommerce/assets/css/woocommerce-layout.css?ver=10.5.2"
"https://businessrocket.ai/wp-content/uploads/elementor/google-fonts/css/montserrat.css?ver=1756502861","text/css","200","OK","Indexable","","","101","","https://businessrocket.ai/wp-content/uploads/elementor/google-fonts/css/montserrat.css?ver=1756502861"
"https://businessrocket.ai/wp-content/plugins/google-site-kit/dist/assets/js/googlesitekit-events-provider-optin-monster-a55d3b3fec7811cde2bc.js","application/javascript","200","OK","Indexable","","","143","","https://businessrocket.ai/wp-content/plugins/google-site-kit/dist/assets/js/googlesitekit-events-provider-optin-monster-a55d3b3fec7811cde2bc.js"
"https://businessrocket.ai/wp-content/uploads/2025/06/Alexaisjpg-02-1536x768-1.jpg","image/jpeg","200","OK","Indexable","","","81","","https://businessrocket.ai/wp-content/uploads/2025/06/Alexaisjpg-02-1536x768-1.jpg"
"https://businessrocket.ai/wp-content/plugins/google-site-kit/dist/assets/js/googlesitekit-events-provider-woocommerce-3cd9b44a3ba68626e9cb.js","application/javascript","200","OK","Indexable","","","141","","https://businessrocket.ai/wp-content/plugins/google-site-kit/dist/assets/js/googlesitekit-events-provider-woocommerce-3cd9b44a3ba68626e9cb.js"
"https://businessrocket.ai/my-account","text/html; charset=UTF-8","301","Moved Permanently","Non-Indexable","Redirected","","36","","https://businessrocket.ai/my-account"
"https://businessrocket.ai/wp-content/plugins/wc-product-table-lite/assets/css.min.css?ver=4.6.3","text/css","200","OK","Indexable","","","95","","https://businessrocket.ai/wp-content/plugins/wc-product-table-lite/assets/css.min.css?ver=4.6.3"
"https://businessrocket.ai/wp-content/plugins/elementor/assets/lib/animations/styles/slideInLeft.css?ver=3.35.5","text/css","200","OK","Indexable","","","110","","https://businessrocket.ai/wp-content/plugins/elementor/assets/lib/animations/styles/slideInLeft.css?ver=3.35.5"
"https://businessrocket.ai/wp-content/plugins/wc-product-table-lite/assets/antiscroll/css.min.css?ver=4.6.3","text/css","200","OK","Indexable","","","106","","https://businessrocket.ai/wp-content/plugins/wc-product-table-lite/assets/antiscroll/css.min.css?ver=4.6.3"
"https://businessrocket.ai/wp-includes/js/jquery/jquery.js?ver=3.7.1","application/javascript","200","OK","Indexable","","","67","","https://businessrocket.ai/wp-includes/js/jquery/jquery.js?ver=3.7.1"
"https://businessrocket.ai/wp-includes/js/underscore.min.js?ver=1.13.7","application/javascript","200","OK","Indexable","","","69","","https://businessrocket.ai/wp-includes/js/underscore.min.js?ver=1.13.7"
"https://businessrocket.ai/wp-content/plugins/woocommerce-currency-switcher/js/real-active-filters.js?ver=2.4.2.3","application/javascript","200","OK","Indexable","","","112","","https://businessrocket.ai/wp-content/plugins/woocommerce-currency-switcher/js/real-active-filters.js?ver=2.4.2.3"
"https://businessrocket.ai/wp-content/uploads/2025/03/High-Society-Marketing.webp","image/webp","200","OK","Indexable","","","80","","https://businessrocket.ai/wp-content/uploads/2025/03/High-Society-Marketing.webp"
"https://businessrocket.ai/work/","text/html; charset=UTF-8","200","OK","Indexable","","3eb1fb563bdc5fd5a565e881c3773a08","31","https://businessrocket.ai/work/","https://businessrocket.ai/work/"
"https://businessrocket.ai/wp-includes/js/jquery/ui/mouse.js?ver=1.13.3","application/javascript","200","OK","Indexable","","","70","","https://businessrocket.ai/wp-includes/js/jquery/ui/mouse.js?ver=1.13.3"
"https://businessrocket.ai/wp-content/plugins/elementor/assets/css/widget-divider.min.css?ver=3.35.5","text/css","200","OK","Indexable","","","99","","https://businessrocket.ai/wp-content/plugins/elementor/assets/css/widget-divider.min.css?ver=3.35.5"
"https://businessrocket.ai/wp-content/plugins/jeg-elementor-kit/assets/js/elements/nav-menu.js?ver=3.0.3","application/javascript","200","OK","Indexable","","","103","","https://businessrocket.ai/wp-content/plugins/jeg-elementor-kit/assets/js/elements/nav-menu.js?ver=3.0.3"
"https://businessrocket.ai/wp-content/plugins/contact-form-7/includes/css/styles.css?ver=6.1.5","text/css","200","OK","Indexable","","","93","","https://businessrocket.ai/wp-content/plugins/contact-form-7/includes/css/styles.css?ver=6.1.5"
"https://businessrocket.ai/social-media-marketing/","text/html; charset=UTF-8","200","OK","Indexable","","e881b696b8564a9508c5542cc61264cb","49","https://businessrocket.ai/social-media-marketing/","https://businessrocket.ai/social-media-marketing/"
"https://businessrocket.ai/wp-content/themes/hello-elementor/assets/js/hello-frontend.js?ver=3.4.6","application/javascript","200","OK","Indexable","","","97","","https://businessrocket.ai/wp-content/themes/hello-elementor/assets/js/hello-frontend.js?ver=3.4.6"
"https://businessrocket.ai/wp-content/uploads/2025/04/BR-PNG-Blue-300x300.png","image/png","200","OK","Indexable","","","76","","https://businessrocket.ai/wp-content/uploads/2025/04/BR-PNG-Blue-300x300.png"
"https://businessrocket.ai/wp-content/uploads/2025/02/1.png","image/png","200","OK","Indexable","","","58","","https://businessrocket.ai/wp-content/uploads/2025/02/1.png"
"https://businessrocket.ai/wp-content/plugins/elementor-pro/assets/js/elements-handlers.js?ver=3.35.1","application/javascript","200","OK","Indexable","","","100","","https://businessrocket.ai/wp-content/plugins/elementor-pro/assets/js/elements-handlers.js?ver=3.35.1"
"https://businessrocket.ai/wp-content/plugins/wc-product-table-lite/assets/multirange/js.min.js?ver=4.6.3","application/javascript","200","OK","Indexable","","","104","","https://businessrocket.ai/wp-content/plugins/wc-product-table-lite/assets/multirange/js.min.js?ver=4.6.3"
"https://businessrocket.ai/wp-content/plugins/wc-product-table-lite/assets/freeze_table_v2/css.min.css?ver=4.6.3","text/css","200","OK","Indexable","","","111","","https://businessrocket.ai/wp-content/plugins/wc-product-table-lite/assets/freeze_table_v2/css.min.css?ver=4.6.3"
"https://businessrocket.ai/wp-content/plugins/optinmonster/assets/dist/js/helper.min.js?ver=1771532281","application/javascript","200","OK","Indexable","","","101","","https://businessrocket.ai/wp-content/plugins/optinmonster/assets/dist/js/helper.min.js?ver=1771532281"
"https://businessrocket.ai/our-team","text/html; charset=UTF-8","301","Moved Permanently","Non-Indexable","Redirected","","34","","https://businessrocket.ai/our-team"
"https://businessrocket.ai/wp-content/uploads/elementor/css/custom-frontend.css?ver=1771428152","text/css","200","OK","Indexable","","","93","","https://businessrocket.ai/wp-content/uploads/elementor/css/custom-frontend.css?ver=1771428152"
"https://businessrocket.ai/wp-content/themes/hello-elementor/assets/css/header-footer.css?ver=3.4.6","text/css","200","OK","Indexable","","","98","","https://businessrocket.ai/wp-content/themes/hello-elementor/assets/css/header-footer.css?ver=3.4.6"
"https://businessrocket.ai/wp-content/plugins/wc-product-table-lite/assets/antiscroll/js.min.js?ver=4.6.3","application/javascript","200","OK","Indexable","","","104","","https://businessrocket.ai/wp-content/plugins/wc-product-table-lite/assets/antiscroll/js.min.js?ver=4.6.3"
"https://businessrocket.ai/wp-content/plugins/elementor/assets/lib/font-awesome/css/all.css?ver=3.35.5","text/css","200","OK","Indexable","","","101","","https://businessrocket.ai/wp-content/plugins/elementor/assets/lib/font-awesome/css/all.css?ver=3.35.5"
"https://businessrocket.ai/wp-content/plugins/woocommerce-currency-switcher/js/front.js?ver=2.4.2.3","application/javascript","200","OK","Indexable","","","98","","https://businessrocket.ai/wp-content/plugins/woocommerce-currency-switcher/js/front.js?ver=2.4.2.3"
"https://businessrocket.ai/contact/","text/html; charset=UTF-8","200","OK","Indexable","","6604765ea1b418173a398e016d7ecc5","34","https://businessrocket.ai/contact/","https://businessrocket.ai/contact/"
"https://businessrocket.ai/wp-content/plugins/subscriptions-for-woocommerce/public/css/subscriptions-for-woocommerce-public.css?ver=1.9.2","text/css","200","OK","Indexable","","","136","","https://businessrocket.ai/wp-content/plugins/subscriptions-for-woocommerce/public/css/subscriptions-for-woocommerce-public.css?ver=1.9.2"
"https://businessrocket.ai/wp-content/plugins/woocommerce/assets/js/jquery-blockui/jquery.blockUI.js?ver=2.7.0-wc.10.5.2","application/javascript","200","OK","Indexable","","","119","","https://businessrocket.ai/wp-content/plugins/woocommerce/assets/js/jquery-blockui/jquery.blockUI.js?ver=2.7.0-wc.10.5.2"
"https://businessrocket.ai/wp-content/plugins/elementor/assets/css/conditionals/e-swiper.css?ver=3.35.5","text/css","200","OK","Indexable","","","102","","https://businessrocket.ai/wp-content/plugins/elementor/assets/css/conditionals/e-swiper.css?ver=3.35.5"
"https://businessrocket.ai/wp-content/plugins/elementor-pro/assets/js/webpack-pro.runtime.js?ver=3.35.1","application/javascript","200","OK","Indexable","","","102","","https://businessrocket.ai/wp-content/plugins/elementor-pro/assets/js/webpack-pro.runtime.js?ver=3.35.1"
"https://businessrocket.ai/wp-content/uploads/elementor/css/custom-pro-widget-woocommerce-menu-cart.min.css?ver=1771428152","text/css","200","OK","Indexable","","","121","","https://businessrocket.ai/wp-content/uploads/elementor/css/custom-pro-widget-woocommerce-menu-cart.min.css?ver=1771428152"
"https://businessrocket.ai/wp-content/plugins/wpc-buy-now-button/assets/css/frontend.css?ver=2.1.9","text/css","200","OK","Indexable","","","97","","https://businessrocket.ai/wp-content/plugins/wpc-buy-now-button/assets/css/frontend.css?ver=2.1.9"
"https://businessrocket.ai/wp-content/plugins/woocommerce/assets/css/photoswipe/photoswipe.min.css?ver=4.6.3","text/css","200","OK","Indexable","","","107","","https://businessrocket.ai/wp-content/plugins/woocommerce/assets/css/photoswipe/photoswipe.min.css?ver=4.6.3"
"https://businessrocket.ai/wp-content/plugins/elementor/assets/css/widget-image.min.css?ver=3.35.5","text/css","200","OK","Indexable","","","97","","https://businessrocket.ai/wp-content/plugins/elementor/assets/css/widget-image.min.css?ver=3.35.5"
"https://businessrocket.ai/wp-includes/js/jquery/jquery-migrate.js?ver=3.4.1","application/javascript","200","OK","Indexable","","","75","","https://businessrocket.ai/wp-includes/js/jquery/jquery-migrate.js?ver=3.4.1"
"https://businessrocket.ai/wp-content/plugins/woocommerce-currency-switcher/js/jquery.ddslick.min.js?ver=2.4.2.3","application/javascript","200","OK","Indexable","","","111","","https://businessrocket.ai/wp-content/plugins/woocommerce-currency-switcher/js/jquery.ddslick.min.js?ver=2.4.2.3"
"https://businessrocket.ai/wp-content/uploads/2025/04/BR-PNG-Blue-1-300x300.png","image/png","200","OK","Indexable","","","78","","https://businessrocket.ai/wp-content/uploads/2025/04/BR-PNG-Blue-1-300x300.png"
"https://businessrocket.ai/wp-content/plugins/elementor/assets/lib/animations/styles/fadeInUp.css?ver=3.35.5","text/css","200","OK","Indexable","","","107","","https://businessrocket.ai/wp-content/plugins/elementor/assets/lib/animations/styles/fadeInUp.css?ver=3.35.5"
"https://businessrocket.ai/wp-content/plugins/elementor/assets/lib/font-awesome/css/v4-shims.css?ver=3.35.5","text/css","200","OK","Indexable","","","106","","https://businessrocket.ai/wp-content/plugins/elementor/assets/lib/font-awesome/css/v4-shims.css?ver=3.35.5"
"https://businessrocket.ai/blog","text/html; charset=UTF-8","301","Moved Permanently","Non-Indexable","Redirected","","30","","https://businessrocket.ai/blog"
"https://businessrocket.ai/wp-content/uploads/elementor/css/custom-apple-webkit.min.css?ver=1771428152","text/css","200","OK","Indexable","","","101","","https://businessrocket.ai/wp-content/uploads/elementor/css/custom-apple-webkit.min.css?ver=1771428152"
"https://businessrocket.ai/wp-content/uploads/2025/02/Logobrand-05.png","image/png","200","OK","Indexable","","","69","","https://businessrocket.ai/wp-content/uploads/2025/02/Logobrand-05.png"
"https://businessrocket.ai/wp-content/uploads/2025/02/3.png","image/png","200","OK","Indexable","","","58","","https://businessrocket.ai/wp-content/uploads/2025/02/3.png"
"https://businessrocket.ai/wp-content/plugins/woocommerce/assets/js/jquery-ui-touch-punch/jquery-ui-touch-punch.js?ver=10.5.2","application/javascript","200","OK","Indexable","","","124","","https://businessrocket.ai/wp-content/plugins/woocommerce/assets/js/jquery-ui-touch-punch/jquery-ui-touch-punch.js?ver=10.5.2"
"https://businessrocket.ai/wp-content/plugins/x-scroll-to-top-responsive/assets/css/fontello.css?ver=3.1.1","text/css","200","OK","Indexable","","","105","","https://businessrocket.ai/wp-content/plugins/x-scroll-to-top-responsive/assets/css/fontello.css?ver=3.1.1"
"https://businessrocket.ai/wp-content/plugins/elementor/assets/lib/animations/styles/slideInUp.css?ver=3.35.5","text/css","200","OK","Indexable","","","108","","https://businessrocket.ai/wp-content/plugins/elementor/assets/lib/animations/styles/slideInUp.css?ver=3.35.5"
"https://businessrocket.ai/paid-advertising","text/html; charset=UTF-8","301","Moved Permanently","Non-Indexable","Redirected","","42","","https://businessrocket.ai/paid-advertising"
"https://businessrocket.ai/wp-content/themes/hello-elementor/assets/css/reset.css?ver=3.4.6","text/css","200","OK","Indexable","","","90","","https://businessrocket.ai/wp-content/themes/hello-elementor/assets/css/reset.css?ver=3.4.6"
"https://businessrocket.ai/wp-includes/js/mediaelement/mediaelement-migrate.js?ver=6.9.1","application/javascript","200","OK","Indexable","","","87","","https://businessrocket.ai/wp-includes/js/mediaelement/mediaelement-migrate.js?ver=6.9.1"
"https://businessrocket.ai/wp-content/plugins/x-scroll-to-top-responsive/assets/css/custom.css?ver=3.1.1","text/css","200","OK","Indexable","","","103","","https://businessrocket.ai/wp-content/plugins/x-scroll-to-top-responsive/assets/css/custom.css?ver=3.1.1"
"https://businessrocket.ai/wp-content/uploads/elementor/css/custom-widget-icon-list.min.css?ver=1771428152","text/css","200","OK","Indexable","","","105","","https://businessrocket.ai/wp-content/uploads/elementor/css/custom-widget-icon-list.min.css?ver=1771428152"
"https://businessrocket.ai/my-account/","","0","Blocked by robots.txt","Non-Indexable","Blocked by robots.txt","","37","","https://businessrocket.ai/my-account/"
"https://businessrocket.ai/wp-content/plugins/elementor/assets/js/webpack.runtime.js?ver=3.35.5","application/javascript","200","OK","Indexable","","","94","","https://businessrocket.ai/wp-content/plugins/elementor/assets/js/webpack.runtime.js?ver=3.35.5"
"https://businessrocket.ai/wp-content/uploads/2025/02/5.png","image/png","200","OK","Indexable","","","58","","https://businessrocket.ai/wp-content/uploads/2025/02/5.png"
"https://businessrocket.ai/wp-content/uploads/elementor/google-fonts/css/opensans.css?ver=1756502860","text/css","200","OK","Indexable","","","99","","https://businessrocket.ai/wp-content/uploads/elementor/google-fonts/css/opensans.css?ver=1756502860"
"https://businessrocket.ai/wp-content/plugins/jeg-elementor-kit/assets/js/elements/animated-text.js?ver=3.0.3","application/javascript","200","OK","Indexable","","","108","","https://businessrocket.ai/wp-content/plugins/jeg-elementor-kit/assets/js/elements/animated-text.js?ver=3.0.3"
"https://businessrocket.ai/seo-packages","text/html; charset=UTF-8","301","Moved Permanently","Non-Indexable","Redirected","","38","","https://businessrocket.ai/seo-packages"
"https://businessrocket.ai/brand-strategy/","text/html; charset=UTF-8","200","OK","Indexable","","c238642dc794b83e6ccadc8193cd69a3","41","https://businessrocket.ai/brand-strategy/","https://businessrocket.ai/brand-strategy/"
"https://businessrocket.ai/wp-content/plugins/metform/public/assets/lib/cute-alert/style.css?ver=4.1.2","text/css","200","OK","Indexable","","","101","","https://businessrocket.ai/wp-content/plugins/metform/public/assets/lib/cute-alert/style.css?ver=4.1.2"
"https://businessrocket.ai/wp-content/plugins/woocommerce/assets/js/frontend/woocommerce.js?ver=10.5.2","application/javascript","200","OK","Indexable","","","101","","https://businessrocket.ai/wp-content/plugins/woocommerce/assets/js/frontend/woocommerce.js?ver=10.5.2"
"https://businessrocket.ai/wp-content/plugins/wc-product-table-lite/assets/freeze_table_v2/js.min.js?ver=4.6.3","application/javascript","200","OK","Indexable","","","109","","https://businessrocket.ai/wp-content/plugins/wc-product-table-lite/assets/freeze_table_v2/js.min.js?ver=4.6.3"
"https://businessrocket.ai/?add-to-cart=2487","","0","Blocked by robots.txt","Non-Indexable","Blocked by robots.txt","","43","","https://businessrocket.ai/?add-to-cart=2487"
"https://businessrocket.ai/?add-to-cart=3568","","0","Blocked by robots.txt","Non-Indexable","Blocked by robots.txt","","43","","https://businessrocket.ai/?add-to-cart=3568"
"https://businessrocket.ai/?add-to-cart=3546","","0","Blocked by robots.txt","Non-Indexable","Blocked by robots.txt","","43","","https://businessrocket.ai/?add-to-cart=3546"
"https://businessrocket.ai/wp-content/uploads/2025/02/Alexaisjpg-03.jpg","image/jpeg","200","OK","Indexable","","","70","","https://businessrocket.ai/wp-content/uploads/2025/02/Alexaisjpg-03.jpg"
"https://businessrocket.ai/?add-to-cart=2449","","0","Blocked by robots.txt","Non-Indexable","Blocked by robots.txt","","43","","https://businessrocket.ai/?add-to-cart=2449"
"https://businessrocket.ai/?add-to-cart=3480","","0","Blocked by robots.txt","Non-Indexable","Blocked by robots.txt","","43","","https://businessrocket.ai/?add-to-cart=3480"
"https://businessrocket.ai/?add-to-cart=2509","","0","Blocked by robots.txt","Non-Indexable","Blocked by robots.txt","","43","","https://businessrocket.ai/?add-to-cart=2509"
"https://businessrocket.ai/wp-content/uploads/elementor/css/post-599.css?ver=1771494635","text/css","200","OK","Indexable","","","86","","https://businessrocket.ai/wp-content/uploads/elementor/css/post-599.css?ver=1771494635"
"https://businessrocket.ai/wp-content/plugins/metform/public/assets/css/style.css?ver=4.1.2","text/css","200","OK","Indexable","","","90","","https://businessrocket.ai/wp-content/plugins/metform/public/assets/css/style.css?ver=4.1.2"
"https://businessrocket.ai/wp-content/plugins/metform/public/assets/js/app.js?ver=4.1.2","application/javascript","200","OK","Indexable","","","86","","https://businessrocket.ai/wp-content/plugins/metform/public/assets/js/app.js?ver=4.1.2"
"https://businessrocket.ai/wp-content/plugins/optinmonster/assets/dist/js/helper.min.js?ver=1771494635","application/javascript","200","OK","Indexable","","","101","","https://businessrocket.ai/wp-content/plugins/optinmonster/assets/dist/js/helper.min.js?ver=1771494635"
"https://businessrocket.ai/wp-content/uploads/elementor/css/post-292.css?ver=1771441124","text/css","200","OK","Indexable","","","86","","https://businessrocket.ai/wp-content/uploads/elementor/css/post-292.css?ver=1771441124"
"https://businessrocket.ai/wp-includes/js/dist/escape-html.js?ver=6cade854f375b3091114","application/javascript","200","OK","Indexable","","","85","","https://businessrocket.ai/wp-includes/js/dist/escape-html.js?ver=6cade854f375b3091114"
"https://businessrocket.ai/wp-includes/js/dist/vendor/react-dom.js?ver=18.3.1.1","application/javascript","200","OK","Indexable","","","78","","https://businessrocket.ai/wp-includes/js/dist/vendor/react-dom.js?ver=18.3.1.1"
"https://businessrocket.ai/wp-content/uploads/2025/02/icon-05.png","image/png","200","OK","Indexable","","","64","","https://businessrocket.ai/wp-content/uploads/2025/02/icon-05.png"
"https://businessrocket.ai/wp-includes/js/dist/element.js?ver=a63ee6ce984c02a99fa7","application/javascript","200","OK","Indexable","","","81","","https://businessrocket.ai/wp-includes/js/dist/element.js?ver=a63ee6ce984c02a99fa7"
"https://businessrocket.ai/wp-content/plugins/metform/public/assets/js/htm.js?ver=4.1.2","application/javascript","200","OK","Indexable","","","86","","https://businessrocket.ai/wp-content/plugins/metform/public/assets/js/htm.js?ver=4.1.2"
"https://businessrocket.ai/wp-content/plugins/elementor/assets/css/widget-google_maps.min.css?ver=3.35.5","text/css","200","OK","Indexable","","","103","","https://businessrocket.ai/wp-content/plugins/elementor/assets/css/widget-google_maps.min.css?ver=3.35.5"
"https://businessrocket.ai/wp-includes/js/dist/vendor/react.js?ver=18.3.1.1","application/javascript","200","OK","Indexable","","","74","","https://businessrocket.ai/wp-includes/js/dist/vendor/react.js?ver=18.3.1.1"
"https://businessrocket.ai/wp-content/uploads/2025/02/icon-01.png","image/png","200","OK","Indexable","","","64","","https://businessrocket.ai/wp-content/uploads/2025/02/icon-01.png"
"https://businessrocket.ai/wp-content/uploads/2025/02/icon-06.png","image/png","200","OK","Indexable","","","64","","https://businessrocket.ai/wp-content/uploads/2025/02/icon-06.png"
"https://businessrocket.ai/wp-includes/js/dist/development/react-refresh-entry.js?ver=a100113810d2b7fe3a75","application/javascript","200","OK","Indexable","","","105","","https://businessrocket.ai/wp-includes/js/dist/development/react-refresh-entry.js?ver=a100113810d2b7fe3a75"
"https://businessrocket.ai/wp-content/plugins/metform/public/assets/css/metform-ui.css?ver=4.1.2","text/css","200","OK","Indexable","","","95","","https://businessrocket.ai/wp-content/plugins/metform/public/assets/css/metform-ui.css?ver=4.1.2"
"https://businessrocket.ai/?add-to-cart=2586","","0","Blocked by robots.txt","Non-Indexable","Blocked by robots.txt","","43","","https://businessrocket.ai/?add-to-cart=2586"
"https://businessrocket.ai/?add-to-cart=3611","","0","Blocked by robots.txt","Non-Indexable","Blocked by robots.txt","","43","","https://businessrocket.ai/?add-to-cart=3611"
"https://businessrocket.ai/?add-to-cart=3610","","0","Blocked by robots.txt","Non-Indexable","Blocked by robots.txt","","43","","https://businessrocket.ai/?add-to-cart=3610"
"https://businessrocket.ai/wp-content/uploads/elementor/css/post-582.css?ver=1771454352","text/css","200","OK","Indexable","","","86","","https://businessrocket.ai/wp-content/uploads/elementor/css/post-582.css?ver=1771454352"
"https://businessrocket.ai/?add-to-cart=3612","","0","Blocked by robots.txt","Non-Indexable","Blocked by robots.txt","","43","","https://businessrocket.ai/?add-to-cart=3612"
"https://businessrocket.ai/wp-includes/js/dist/development/react-refresh-runtime.js?ver=8f1acdfb845f670b0ef2","application/javascript","200","OK","Indexable","","","107","","https://businessrocket.ai/wp-includes/js/dist/development/react-refresh-runtime.js?ver=8f1acdfb845f670b0ef2"
"https://businessrocket.ai/?add-to-cart=3608","","0","Blocked by robots.txt","Non-Indexable","Blocked by robots.txt","","43","","https://businessrocket.ai/?add-to-cart=3608"
"https://businessrocket.ai/wp-content/plugins/optinmonster/assets/dist/js/helper.min.js?ver=1771507496","application/javascript","200","OK","Indexable","","","101","","https://businessrocket.ai/wp-content/plugins/optinmonster/assets/dist/js/helper.min.js?ver=1771507496"
"https://businessrocket.ai/?add-to-cart=2590","","0","Blocked by robots.txt","Non-Indexable","Blocked by robots.txt","","43","","https://businessrocket.ai/?add-to-cart=2590"
"https://businessrocket.ai/wp-content/uploads/elementor/google-fonts/css/manrope.css?ver=1756502863","text/css","200","OK","Indexable","","","98","","https://businessrocket.ai/wp-content/uploads/elementor/google-fonts/css/manrope.css?ver=1756502863"
"https://businessrocket.ai/wp-content/plugins/optinmonster/assets/dist/js/helper.min.js?ver=1771536058","application/javascript","200","OK","Indexable","","","101","","https://businessrocket.ai/wp-content/plugins/optinmonster/assets/dist/js/helper.min.js?ver=1771536058"
"https://businessrocket.ai/wp-content/uploads/2026/01/Screenshot-2026-01-14-123824-1024x421.webp","image/webp","200","OK","Indexable","","","95","","https://businessrocket.ai/wp-content/uploads/2026/01/Screenshot-2026-01-14-123824-1024x421.webp"
"https://businessrocket.ai/wp-content/uploads/2026/01/Screenshot-2026-01-13-204231-1024x473.webp","image/webp","200","OK","Indexable","","","95","","https://businessrocket.ai/wp-content/uploads/2026/01/Screenshot-2026-01-13-204231-1024x473.webp"
"https://businessrocket.ai/wp-content/uploads/2026/01/Bluejayscnc-round-logo.png","image/webp","200","OK","Indexable","","","79","","https://businessrocket.ai/wp-content/uploads/2026/01/Bluejayscnc-round-logo.png"
"https://businessrocket.ai/project-category/automotive-services/","text/html; charset=UTF-8","200","OK","Non-Indexable","noindex","b24ec4a062a8fe97efcbc8b9e5522d02","63","","https://businessrocket.ai/project-category/automotive-services/"
"https://businessrocket.ai/wp-content/uploads/2026/01/12miles-scaled-1.png","image/png","200","OK","Indexable","","","73","","https://businessrocket.ai/wp-content/uploads/2026/01/12miles-scaled-1.png"
"https://businessrocket.ai/project/certified-montessori-tutor/","text/html; charset=UTF-8","200","OK","Non-Indexable","noindex","6af3889278bb3e313c8bea43f1308098","61","","https://businessrocket.ai/project/certified-montessori-tutor/"
"https://businessrocket.ai/wp-content/uploads/2026/01/2eecf4cf69bf-Screenshot_2023_09_10_at_11.59.08_AM.png","image/png","200","OK","Indexable","","","106","","https://businessrocket.ai/wp-content/uploads/2026/01/2eecf4cf69bf-Screenshot_2023_09_10_at_11.59.08_AM.png"
"https://businessrocket.ai/wp-content/uploads/elementor/css/post-467.css?ver=1771441124","text/css","200","OK","Indexable","","","86","","https://businessrocket.ai/wp-content/uploads/elementor/css/post-467.css?ver=1771441124"
"https://businessrocket.ai/project-category/contractors/","text/html; charset=UTF-8","200","OK","Non-Indexable","noindex","12055c7e07a1c012c228502bd3a70860","55","","https://businessrocket.ai/project-category/contractors/"
"https://businessrocket.ai/wp-content/plugins/elementor-pro/assets/css/widget-loop-filter.min.css?ver=3.35.1","text/css","200","OK","Indexable","","","107","","https://businessrocket.ai/wp-content/plugins/elementor-pro/assets/css/widget-loop-filter.min.css?ver=3.35.1"
"https://businessrocket.ai/project/tlc-home-renovation/","text/html; charset=UTF-8","200","OK","Non-Indexable","noindex","8a8688351fbbc9c3fe812d0006174e9","54","","https://businessrocket.ai/project/tlc-home-renovation/"
"https://businessrocket.ai/wp-content/uploads/2026/01/cropped-Logo-1.png","image/png","200","OK","Indexable","","","71","","https://businessrocket.ai/wp-content/uploads/2026/01/cropped-Logo-1.png"
"https://businessrocket.ai/project/rg-concrete/","text/html; charset=UTF-8","200","OK","Non-Indexable","noindex","c20094227bf757c03c8e4d7c97d847f8","46","","https://businessrocket.ai/project/rg-concrete/"
"https://businessrocket.ai/wp-content/uploads/2026/01/cropped-1808d9ea24475adf02ac9c05e302f6c9_X-Amz-Security-To.png","image/png","200","OK","Indexable","","","115","","https://businessrocket.ai/wp-content/uploads/2026/01/cropped-1808d9ea24475adf02ac9c05e302f6c9_X-Amz-Security-To.png"
"https://businessrocket.ai/wp-content/plugins/elementor-pro/assets/css/widget-loop-common.min.css?ver=3.35.1","text/css","200","OK","Indexable","","","107","","https://businessrocket.ai/wp-content/plugins/elementor-pro/assets/css/widget-loop-common.min.css?ver=3.35.1"
"https://businessrocket.ai/project-category/event-production/","text/html; charset=UTF-8","200","OK","Non-Indexable","noindex","d09c8c41e51e60214fd75481689dd8b0","60","","https://businessrocket.ai/project-category/event-production/"
"https://businessrocket.ai/project/calgary-cash-for-junk-cars/","text/html; charset=UTF-8","200","OK","Non-Indexable","noindex","97fdb23a31f9e40a4e0a980fb9cbb164","61","","https://businessrocket.ai/project/calgary-cash-for-junk-cars/"
"https://businessrocket.ai/wp-content/uploads/elementor/css/custom-pro-widget-loop-grid.min.css?ver=1771428152","text/css","200","OK","Indexable","","","109","","https://businessrocket.ai/wp-content/uploads/elementor/css/custom-pro-widget-loop-grid.min.css?ver=1771428152"
"https://businessrocket.ai/wp-content/uploads/2026/01/Screenshot-2026-01-14-122643-1024x418.webp","image/webp","200","OK","Indexable","","","95","","https://businessrocket.ai/wp-content/uploads/2026/01/Screenshot-2026-01-14-122643-1024x418.webp"
"https://businessrocket.ai/wp-content/uploads/2026/01/Screenshot-2026-01-14-125207-1024x447.webp","image/webp","200","OK","Indexable","","","95","","https://businessrocket.ai/wp-content/uploads/2026/01/Screenshot-2026-01-14-125207-1024x447.webp"
"https://businessrocket.ai/wp-content/plugins/optinmonster/assets/dist/js/helper.min.js?ver=1771493674","application/javascript","200","OK","Indexable","","","101","","https://businessrocket.ai/wp-content/plugins/optinmonster/assets/dist/js/helper.min.js?ver=1771493674"
"https://businessrocket.ai/wp-content/uploads/2026/01/cashforjunkcars-1024x448.webp","image/webp","200","OK","Indexable","","","82","","https://businessrocket.ai/wp-content/uploads/2026/01/cashforjunkcars-1024x448.webp"
"https://businessrocket.ai/work/2/","text/html; charset=UTF-8","200","OK","Non-Indexable","Canonicalised","4a391572e19232e3d0caddd0e3c718a7","33","https://businessrocket.ai/work/","https://businessrocket.ai/work/2/"
"https://businessrocket.ai/wp-content/uploads/2026/01/RG-logo.png","image/png","200","OK","Indexable","","","64","","https://businessrocket.ai/wp-content/uploads/2026/01/RG-logo.png"
"https://businessrocket.ai/wp-content/uploads/2026/01/montessori-1024x442.webp","image/webp","200","OK","Indexable","","","77","","https://businessrocket.ai/wp-content/uploads/2026/01/montessori-1024x442.webp"
"https://businessrocket.ai/?add-to-cart=2594","","0","Blocked by robots.txt","Non-Indexable","Blocked by robots.txt","","43","","https://businessrocket.ai/?add-to-cart=2594"
"https://businessrocket.ai/?add-to-cart=3595","","0","Blocked by robots.txt","Non-Indexable","Blocked by robots.txt","","43","","https://businessrocket.ai/?add-to-cart=3595"
"https://businessrocket.ai/?add-to-cart=3597","","0","Blocked by robots.txt","Non-Indexable","Blocked by robots.txt","","43","","https://businessrocket.ai/?add-to-cart=3597"
"https://businessrocket.ai/?add-to-cart=3599","","0","Blocked by robots.txt","Non-Indexable","Blocked by robots.txt","","43","","https://businessrocket.ai/?add-to-cart=3599"
"https://businessrocket.ai/?add-to-cart=2598","","0","Blocked by robots.txt","Non-Indexable","Blocked by robots.txt","","43","","https://businessrocket.ai/?add-to-cart=2598"
"https://businessrocket.ai/project/cnc-pipe-profiler/","text/html; charset=UTF-8","200","OK","Non-Indexable","noindex","45fab43d971b5dd257664f3314cd24f1","52","","https://businessrocket.ai/project/cnc-pipe-profiler/"
"https://businessrocket.ai/wp-content/uploads/elementor/css/post-620.css?ver=1771454454","text/css","200","OK","Indexable","","","86","","https://businessrocket.ai/wp-content/uploads/elementor/css/post-620.css?ver=1771454454"
"https://businessrocket.ai/?add-to-cart=3121","","0","Blocked by robots.txt","Non-Indexable","Blocked by robots.txt","","43","","https://businessrocket.ai/?add-to-cart=3121"
"https://businessrocket.ai/project/12-mile-event-production/","text/html; charset=UTF-8","200","OK","Non-Indexable","noindex","83a9bc63ad090b05ffba95a8ec128254","59","","https://businessrocket.ai/project/12-mile-event-production/"
"https://businessrocket.ai/project-category/education/","text/html; charset=UTF-8","200","OK","Non-Indexable","noindex","1764dae3fe3f2d96c015bdfc306c5073","53","","https://businessrocket.ai/project-category/education/"
"https://businessrocket.ai/wp-content/plugins/optinmonster/assets/dist/js/helper.min.js?ver=1771507507","application/javascript","200","OK","Indexable","","","101","","https://businessrocket.ai/wp-content/plugins/optinmonster/assets/dist/js/helper.min.js?ver=1771507507"
"https://businessrocket.ai/wp-content/plugins/optinmonster/assets/dist/js/helper.min.js?ver=1771507498","application/javascript","200","OK","Indexable","","","101","","https://businessrocket.ai/wp-content/plugins/optinmonster/assets/dist/js/helper.min.js?ver=1771507498"
"https://businessrocket.ai/?add-to-cart=3558","","0","Blocked by robots.txt","Non-Indexable","Blocked by robots.txt","","43","","https://businessrocket.ai/?add-to-cart=3558"
"https://businessrocket.ai/?add-to-cart=2439","","0","Blocked by robots.txt","Non-Indexable","Blocked by robots.txt","","43","","https://businessrocket.ai/?add-to-cart=2439"
"https://businessrocket.ai/wp-content/uploads/elementor/css/post-631.css?ver=1771454375","text/css","200","OK","Indexable","","","86","","https://businessrocket.ai/wp-content/uploads/elementor/css/post-631.css?ver=1771454375"
"https://businessrocket.ai/wp-content/uploads/elementor/css/custom-widget-icon-box.min.css?ver=1771428152","text/css","200","OK","Indexable","","","104","","https://businessrocket.ai/wp-content/uploads/elementor/css/custom-widget-icon-box.min.css?ver=1771428152"
"https://businessrocket.ai/wp-content/plugins/optinmonster/assets/dist/js/helper.min.js?ver=1771507411","application/javascript","200","OK","Indexable","","","101","","https://businessrocket.ai/wp-content/plugins/optinmonster/assets/dist/js/helper.min.js?ver=1771507411"
"https://businessrocket.ai/wp-content/uploads/2026/02/image4-1-300x216.jpg","image/webp","200","OK","Indexable","","","73","","https://businessrocket.ai/wp-content/uploads/2026/02/image4-1-300x216.jpg"
"https://businessrocket.ai/wp-content/uploads/elementor/css/post-816.css?ver=1771451634","text/css","200","OK","Indexable","","","86","","https://businessrocket.ai/wp-content/uploads/elementor/css/post-816.css?ver=1771451634"
"https://businessrocket.ai/wp-content/uploads/2026/02/image5-300x169.jpg","image/webp","200","OK","Indexable","","","71","","https://businessrocket.ai/wp-content/uploads/2026/02/image5-300x169.jpg"
"https://businessrocket.ai/wp-content/uploads/2026/02/image9-300x244.jpg","image/webp","200","OK","Indexable","","","71","","https://businessrocket.ai/wp-content/uploads/2026/02/image9-300x244.jpg"
"https://businessrocket.ai/wix-vs-wordpress/","text/html; charset=UTF-8","200","OK","Indexable","","f2aa6ecbb244d5107a724f596972e61f","43","https://businessrocket.ai/wix-vs-wordpress/","https://businessrocket.ai/wix-vs-wordpress/"
"https://businessrocket.ai/wp-content/uploads/2026/02/image4-300x187.jpg","image/webp","200","OK","Indexable","","","71","","https://businessrocket.ai/wp-content/uploads/2026/02/image4-300x187.jpg"
"https://businessrocket.ai/wp-content/uploads/2026/02/image11-300x175.jpg","image/webp","200","OK","Indexable","","","72","","https://businessrocket.ai/wp-content/uploads/2026/02/image11-300x175.jpg"
"https://businessrocket.ai/wp-includes/js/imagesloaded.min.js?ver=5.0.0","application/javascript","200","OK","Indexable","","","70","","https://businessrocket.ai/wp-includes/js/imagesloaded.min.js?ver=5.0.0"
"https://businessrocket.ai/wp-content/plugins/elementor-pro/assets/css/widget-posts.min.css?ver=3.35.1","text/css","200","OK","Indexable","","","101","","https://businessrocket.ai/wp-content/plugins/elementor-pro/assets/css/widget-posts.min.css?ver=3.35.1"
"https://businessrocket.ai/what-is-ecommerce/","text/html; charset=UTF-8","200","OK","Indexable","","220ffefa104fa1ec7296e2efb9024631","44","https://businessrocket.ai/what-is-ecommerce/","https://businessrocket.ai/what-is-ecommerce/"
"https://businessrocket.ai/how-to-use-wordpress/","text/html; charset=UTF-8","200","OK","Indexable","","47a0c0372b104b01b522c7a6217ed61d","47","https://businessrocket.ai/how-to-use-wordpress/","https://businessrocket.ai/how-to-use-wordpress/"
"https://businessrocket.ai/?add-to-cart=2023","","0","Blocked by robots.txt","Non-Indexable","Blocked by robots.txt","","43","","https://businessrocket.ai/?add-to-cart=2023"
"https://businessrocket.ai/wp-content/plugins/optinmonster/assets/dist/js/helper.min.js?ver=1771507520","application/javascript","200","OK","Indexable","","","101","","https://businessrocket.ai/wp-content/plugins/optinmonster/assets/dist/js/helper.min.js?ver=1771507520"
"https://businessrocket.ai/wp-content/uploads/2025/04/images-1.jpg","image/jpeg","200","OK","Indexable","","","65","","https://businessrocket.ai/wp-content/uploads/2025/04/images-1.jpg"
"https://businessrocket.ai/best-wordpress-themes/","text/html; charset=UTF-8","200","OK","Indexable","","2f87dffee6178b69fef4c068fde9e96b","48","https://businessrocket.ai/best-wordpress-themes/","https://businessrocket.ai/best-wordpress-themes/"
"https://businessrocket.ai/wp-content/plugins/jeg-elementor-kit/assets/js/elements/video-button.js?ver=3.0.3","application/javascript","200","OK","Indexable","","","107","","https://businessrocket.ai/wp-content/plugins/jeg-elementor-kit/assets/js/elements/video-button.js?ver=3.0.3"
"https://businessrocket.ai/ecommerce-websites/","text/html; charset=UTF-8","200","OK","Indexable","","1662d8592374db574a6c6bba66ad7e23","45","https://businessrocket.ai/ecommerce-websites/","https://businessrocket.ai/ecommerce-websites/"
"https://businessrocket.ai/wp-content/plugins/jeg-elementor-kit/assets/js/sweetalert2/sweetalert2.min.js?ver=11.6.16","application/javascript","200","OK","Indexable","","","115","","https://businessrocket.ai/wp-content/plugins/jeg-elementor-kit/assets/js/sweetalert2/sweetalert2.min.js?ver=11.6.16"
"https://businessrocket.ai/?add-to-cart=3834","","0","Blocked by robots.txt","Non-Indexable","Blocked by robots.txt","","43","","https://businessrocket.ai/?add-to-cart=3834"
"https://businessrocket.ai/?add-to-cart=3574","","0","Blocked by robots.txt","Non-Indexable","Blocked by robots.txt","","43","","https://businessrocket.ai/?add-to-cart=3574"
"https://businessrocket.ai/squarespace-vs-wordpress/","text/html; charset=UTF-8","200","OK","Indexable","","4b2fd0c8291aaff0daa1d680d34d515c","51","https://businessrocket.ai/squarespace-vs-wordpress/","https://businessrocket.ai/squarespace-vs-wordpress/"
"https://businessrocket.ai/?add-to-cart=3578","","0","Blocked by robots.txt","Non-Indexable","Blocked by robots.txt","","43","","https://businessrocket.ai/?add-to-cart=3578"
"https://businessrocket.ai/wp-content/uploads/elementor/css/post-649.css?ver=1771507520","text/css","200","OK","Indexable","","","86","","https://businessrocket.ai/wp-content/uploads/elementor/css/post-649.css?ver=1771507520"
"https://businessrocket.ai/wp-content/plugins/jeg-elementor-kit/assets/js/sweetalert2/sweetalert2.min.css?ver=11.6.16","text/css","200","OK","Indexable","","","116","","https://businessrocket.ai/wp-content/plugins/jeg-elementor-kit/assets/js/sweetalert2/sweetalert2.min.css?ver=11.6.16"
"https://businessrocket.ai/?add-to-cart=3579","","0","Blocked by robots.txt","Non-Indexable","Blocked by robots.txt","","43","","https://businessrocket.ai/?add-to-cart=3579"
"https://businessrocket.ai/?add-to-cart=2192","","0","Blocked by robots.txt","Non-Indexable","Blocked by robots.txt","","43","","https://businessrocket.ai/?add-to-cart=2192"
"https://businessrocket.ai/wp-content/plugins/optinmonster/assets/dist/js/helper.min.js?ver=1771507497","application/javascript","200","OK","Indexable","","","101","","https://businessrocket.ai/wp-content/plugins/optinmonster/assets/dist/js/helper.min.js?ver=1771507497"
"https://businessrocket.ai/wp-content/plugins/jeg-elementor-kit/assets/js/elements/accordion.js?ver=3.0.3","application/javascript","200","OK","Indexable","","","104","","https://businessrocket.ai/wp-content/plugins/jeg-elementor-kit/assets/js/elements/accordion.js?ver=3.0.3"
"https://businessrocket.ai/wp-content/uploads/2025/03/li.png","image/png","200","OK","Indexable","","","59","","https://businessrocket.ai/wp-content/uploads/2025/03/li.png"
"https://businessrocket.ai/wp-content/uploads/elementor/css/post-612.css?ver=1771507497","text/css","200","OK","Indexable","","","86","","https://businessrocket.ai/wp-content/uploads/elementor/css/post-612.css?ver=1771507497"
"https://businessrocket.ai/wp-content/uploads/elementor/css/post-286.css?ver=1771431065","text/css","200","OK","Indexable","","","86","","https://businessrocket.ai/wp-content/uploads/elementor/css/post-286.css?ver=1771431065"
"https://businessrocket.ai/wp-content/plugins/optinmonster/assets/dist/js/helper.min.js?ver=1771507475","application/javascript","200","OK","Indexable","","","101","","https://businessrocket.ai/wp-content/plugins/optinmonster/assets/dist/js/helper.min.js?ver=1771507475"
"https://businessrocket.ai/wp-content/plugins/optinmonster/assets/dist/js/helper.min.js?ver=1771493811","application/javascript","200","OK","Indexable","","","101","","https://businessrocket.ai/wp-content/plugins/optinmonster/assets/dist/js/helper.min.js?ver=1771493811"
"https://businessrocket.ai/wp-content/uploads/elementor/css/post-4323.css?ver=1771431089","text/css","200","OK","Indexable","","","87","","https://businessrocket.ai/wp-content/uploads/elementor/css/post-4323.css?ver=1771431089"
"https://businessrocket.ai/wp-content/uploads/elementor/css/post-388.css?ver=1771441124","text/css","200","OK","Indexable","","","86","","https://businessrocket.ai/wp-content/uploads/elementor/css/post-388.css?ver=1771441124"
"https://businessrocket.ai/wp-includes/css/dist/block-library/style.css?ver=6.9.1","text/css","200","OK","Indexable","","","80","","https://businessrocket.ai/wp-includes/css/dist/block-library/style.css?ver=6.9.1"
"https://businessrocket.ai/wp-content/uploads/2025/06/Alexaisjpg-03-1536x768-1.jpg","image/jpeg","200","OK","Indexable","","","81","","https://businessrocket.ai/wp-content/uploads/2025/06/Alexaisjpg-03-1536x768-1.jpg"
"https://businessrocket.ai/wp-content/uploads/2026/02/image3-1.png","image/png","200","OK","Indexable","","","65","","https://businessrocket.ai/wp-content/uploads/2026/02/image3-1.png"
"https://businessrocket.ai/wp-content/plugins/optinmonster/assets/dist/js/helper.min.js?ver=1771493701","application/javascript","200","OK","Indexable","","","101","","https://businessrocket.ai/wp-content/plugins/optinmonster/assets/dist/js/helper.min.js?ver=1771493701"
"https://businessrocket.ai/wp-content/uploads/2026/02/image5-1024x576.jpg","image/jpeg","200","OK","Indexable","","","72","","https://businessrocket.ai/wp-content/uploads/2026/02/image5-1024x576.jpg"
"https://businessrocket.ai/wp-content/uploads/2026/02/image4-1-1024x647.png","image/png","200","OK","Indexable","","","74","","https://businessrocket.ai/wp-content/uploads/2026/02/image4-1-1024x647.png"
"https://businessrocket.ai/wp-content/uploads/2026/02/image1-1-1024x425.png","image/png","200","OK","Indexable","","","74","","https://businessrocket.ai/wp-content/uploads/2026/02/image1-1-1024x425.png"
"https://businessrocket.ai/wp-content/uploads/elementor/css/post-6856.css?ver=1771482576","text/css","200","OK","Indexable","","","87","","https://businessrocket.ai/wp-content/uploads/elementor/css/post-6856.css?ver=1771482576"
"https://businessrocket.ai/wp-content/uploads/2026/02/image2-1-1024x658.png","image/png","200","OK","Indexable","","","74","","https://businessrocket.ai/wp-content/uploads/2026/02/image2-1-1024x658.png"
"https://businessrocket.ai/category/hosting-development/","text/html; charset=UTF-8","200","OK","Indexable","","2c084fef951b706ee238adfd7f1cc4b3","55","https://businessrocket.ai/category/hosting-development/","https://businessrocket.ai/category/hosting-development/"
"https://businessrocket.ai/wp-content/uploads/2026/02/image10-1024x659.jpg","image/jpeg","200","OK","Indexable","","","73","","https://businessrocket.ai/wp-content/uploads/2026/02/image10-1024x659.jpg"
"https://businessrocket.ai/wp-content/uploads/2026/02/image9.jpg","image/jpeg","200","OK","Indexable","","","63","","https://businessrocket.ai/wp-content/uploads/2026/02/image9.jpg"
"https://businessrocket.ai/wp-content/uploads/2026/02/image4-2-1024x838.jpg","image/jpeg","200","OK","Indexable","","","74","","https://businessrocket.ai/wp-content/uploads/2026/02/image4-2-1024x838.jpg"
"https://businessrocket.ai/wp-content/uploads/2026/02/image13-1024x739.jpg","image/jpeg","200","OK","Indexable","","","73","","https://businessrocket.ai/wp-content/uploads/2026/02/image13-1024x739.jpg"
"https://businessrocket.ai/wp-content/uploads/2026/02/image15-1024x698.jpg","image/jpeg","200","OK","Indexable","","","73","","https://businessrocket.ai/wp-content/uploads/2026/02/image15-1024x698.jpg"
"https://businessrocket.ai/wp-content/uploads/2026/02/image7-1024x677.jpg","image/jpeg","200","OK","Indexable","","","72","","https://businessrocket.ai/wp-content/uploads/2026/02/image7-1024x677.jpg"
"https://businessrocket.ai/wp-content/uploads/2026/02/image12-1024x773.jpg","image/jpeg","200","OK","Indexable","","","73","","https://businessrocket.ai/wp-content/uploads/2026/02/image12-1024x773.jpg"
"https://businessrocket.ai/wp-content/uploads/2026/02/image6-1024x727.jpg","image/jpeg","200","OK","Indexable","","","72","","https://businessrocket.ai/wp-content/uploads/2026/02/image6-1024x727.jpg"
"https://businessrocket.ai/wp-content/uploads/2026/02/image2-2-1024x943.jpg","image/jpeg","200","OK","Indexable","","","74","","https://businessrocket.ai/wp-content/uploads/2026/02/image2-2-1024x943.jpg"
"https://businessrocket.ai/wp-content/uploads/2026/02/image3-1-1024x817.jpg","image/jpeg","200","OK","Indexable","","","74","","https://businessrocket.ai/wp-content/uploads/2026/02/image3-1-1024x817.jpg"
"https://businessrocket.ai/wp-content/uploads/2026/02/image1-1-1024x592.jpg","image/jpeg","200","OK","Indexable","","","74","","https://businessrocket.ai/wp-content/uploads/2026/02/image1-1-1024x592.jpg"
"https://businessrocket.ai/category/strategy-planning/","text/html; charset=UTF-8","200","OK","Indexable","","379499e8fa06a5bfc3b4754b37108225","53","https://businessrocket.ai/category/strategy-planning/","https://businessrocket.ai/category/strategy-planning/"
"https://businessrocket.ai/wp-content/uploads/2026/02/image11-1-1024x773.jpg","image/jpeg","200","OK","Indexable","","","75","","https://businessrocket.ai/wp-content/uploads/2026/02/image11-1-1024x773.jpg"
"https://businessrocket.ai/wp-content/uploads/2026/02/image5-1-1024x815.jpg","image/jpeg","200","OK","Indexable","","","74","","https://businessrocket.ai/wp-content/uploads/2026/02/image5-1-1024x815.jpg"
"https://businessrocket.ai/wp-content/uploads/2026/02/image14-1024x707.jpg","image/jpeg","200","OK","Indexable","","","73","","https://businessrocket.ai/wp-content/uploads/2026/02/image14-1024x707.jpg"
"https://businessrocket.ai/wp-content/uploads/2026/02/image8-1024x917.jpg","image/jpeg","200","OK","Indexable","","","72","","https://businessrocket.ai/wp-content/uploads/2026/02/image8-1024x917.jpg"
"https://businessrocket.ai/wp-content/uploads/elementor/css/post-6903.css?ver=1771491687","text/css","200","OK","Indexable","","","87","","https://businessrocket.ai/wp-content/uploads/elementor/css/post-6903.css?ver=1771491687"
"https://businessrocket.ai/wp-content/uploads/2026/02/image13-1024x434.png","image/png","200","OK","Indexable","","","73","","https://businessrocket.ai/wp-content/uploads/2026/02/image13-1024x434.png"
"https://businessrocket.ai/wp-content/uploads/2026/02/image8.png","image/png","200","OK","Indexable","","","63","","https://businessrocket.ai/wp-content/uploads/2026/02/image8.png"
"https://businessrocket.ai/wp-content/uploads/2026/02/image10-1024x477.png","image/png","200","OK","Indexable","","","73","","https://businessrocket.ai/wp-content/uploads/2026/02/image10-1024x477.png"
"https://businessrocket.ai/wp-content/uploads/2026/02/image11-1024x597.jpg","image/jpeg","200","OK","Indexable","","","73","","https://businessrocket.ai/wp-content/uploads/2026/02/image11-1024x597.jpg"
"https://businessrocket.ai/wp-content/uploads/2026/02/image1-1024x370.png","image/png","200","OK","Indexable","","","72","","https://businessrocket.ai/wp-content/uploads/2026/02/image1-1024x370.png"
"https://businessrocket.ai/wp-content/uploads/elementor/css/post-6568.css?ver=1771486706","text/css","200","OK","Indexable","","","87","","https://businessrocket.ai/wp-content/uploads/elementor/css/post-6568.css?ver=1771486706"
"https://businessrocket.ai/category/themes-plugins/","text/html; charset=UTF-8","200","OK","Indexable","","2e17b007e680a24366e59d6af42513c6","50","https://businessrocket.ai/category/themes-plugins/","https://businessrocket.ai/category/themes-plugins/"
"https://businessrocket.ai/wp-content/uploads/2026/02/image2-1024x427.png","image/png","200","OK","Indexable","","","72","","https://businessrocket.ai/wp-content/uploads/2026/02/image2-1024x427.png"
"https://businessrocket.ai/wp-content/uploads/2026/02/image14-1024x460.png","image/png","200","OK","Indexable","","","73","","https://businessrocket.ai/wp-content/uploads/2026/02/image14-1024x460.png"
"https://businessrocket.ai/wp-content/uploads/2026/02/image6-1024x487.png","image/png","200","OK","Indexable","","","72","","https://businessrocket.ai/wp-content/uploads/2026/02/image6-1024x487.png"
"https://businessrocket.ai/wp-content/uploads/2026/02/image7-1024x390.png","image/png","200","OK","Indexable","","","72","","https://businessrocket.ai/wp-content/uploads/2026/02/image7-1024x390.png"
"https://businessrocket.ai/wp-content/uploads/2026/02/image9-1024x382.png","image/png","200","OK","Indexable","","","72","","https://businessrocket.ai/wp-content/uploads/2026/02/image9-1024x382.png"
"https://businessrocket.ai/wp-content/uploads/2026/02/image3-1024x403.png","image/png","200","OK","Indexable","","","72","","https://businessrocket.ai/wp-content/uploads/2026/02/image3-1024x403.png"
"https://businessrocket.ai/wp-content/uploads/2026/02/image12-1024x403.png","image/png","200","OK","Indexable","","","73","","https://businessrocket.ai/wp-content/uploads/2026/02/image12-1024x403.png"
"https://businessrocket.ai/wp-content/uploads/2026/02/image4-1024x498.png","image/png","200","OK","Indexable","","","72","","https://businessrocket.ai/wp-content/uploads/2026/02/image4-1024x498.png"
"https://businessrocket.ai/wp-content/plugins/optinmonster/assets/dist/js/helper.min.js?ver=1771536062","application/javascript","200","OK","Indexable","","","101","","https://businessrocket.ai/wp-content/plugins/optinmonster/assets/dist/js/helper.min.js?ver=1771536062"
"https://businessrocket.ai/wp-content/uploads/2026/02/image5-1024x459.png","image/png","200","OK","Indexable","","","72","","https://businessrocket.ai/wp-content/uploads/2026/02/image5-1024x459.png"
"https://businessrocket.ai/wp-content/plugins/optinmonster/assets/dist/js/helper.min.js?ver=1771507461","application/javascript","200","OK","Indexable","","","101","","https://businessrocket.ai/wp-content/plugins/optinmonster/assets/dist/js/helper.min.js?ver=1771507461"
"https://businessrocket.ai/tag/wordpress-hosting/","text/html; charset=UTF-8","200","OK","Non-Indexable","noindex","a2862daa71bd57123f9bdb80f64917d7","48","","https://businessrocket.ai/tag/wordpress-hosting/"
"https://businessrocket.ai/wp-content/uploads/elementor/css/post-6869.css?ver=1771431085","text/css","200","OK","Indexable","","","87","","https://businessrocket.ai/wp-content/uploads/elementor/css/post-6869.css?ver=1771431085"
"https://businessrocket.ai/wp-content/uploads/2026/02/image1-2-1024x459.png","image/png","200","OK","Indexable","","","74","","https://businessrocket.ai/wp-content/uploads/2026/02/image1-2-1024x459.png"
"https://businessrocket.ai/wp-content/uploads/2026/02/image5-1.png","image/png","200","OK","Indexable","","","65","","https://businessrocket.ai/wp-content/uploads/2026/02/image5-1.png"
"https://businessrocket.ai/wp-content/uploads/2026/02/image3-2-1024x469.png","image/png","200","OK","Indexable","","","74","","https://businessrocket.ai/wp-content/uploads/2026/02/image3-2-1024x469.png"
"https://businessrocket.ai/wp-content/uploads/2026/02/image2-2-1024x516.png","image/png","200","OK","Indexable","","","74","","https://businessrocket.ai/wp-content/uploads/2026/02/image2-2-1024x516.png"
"https://businessrocket.ai/wp-content/uploads/2026/02/image4-1024x640.jpg","image/jpeg","200","OK","Indexable","","","72","","https://businessrocket.ai/wp-content/uploads/2026/02/image4-1024x640.jpg"
"https://businessrocket.ai/wp-content/uploads/2026/02/image3-1024x675.jpg","image/jpeg","200","OK","Indexable","","","72","","https://businessrocket.ai/wp-content/uploads/2026/02/image3-1024x675.jpg"
"https://businessrocket.ai/wp-content/uploads/2026/02/image1-1024x684.jpg","image/jpeg","200","OK","Indexable","","","72","","https://businessrocket.ai/wp-content/uploads/2026/02/image1-1024x684.jpg"
"https://businessrocket.ai/category/for-beginners/","text/html; charset=UTF-8","200","OK","Indexable","","8b02c8a61806409a1733643f4756a6a7","49","https://businessrocket.ai/category/for-beginners/","https://businessrocket.ai/category/for-beginners/"
"https://businessrocket.ai/wp-content/plugins/optinmonster/assets/dist/js/helper.min.js?ver=1771498934","application/javascript","200","OK","Indexable","","","101","","https://businessrocket.ai/wp-content/plugins/optinmonster/assets/dist/js/helper.min.js?ver=1771498934"
"https://businessrocket.ai/wp-content/uploads/2026/02/image2-1.jpg","image/jpeg","200","OK","Indexable","","","65","","https://businessrocket.ai/wp-content/uploads/2026/02/image2-1.jpg"
"https://businessrocket.ai/wp-content/uploads/elementor/css/post-6894.css?ver=1771451012","text/css","200","OK","Indexable","","","87","","https://businessrocket.ai/wp-content/uploads/elementor/css/post-6894.css?ver=1771451012"
"https://businessrocket.ai/wp-content/uploads/2026/02/image4-1-1024x737.jpg","image/jpeg","200","OK","Indexable","","","74","","https://businessrocket.ai/wp-content/uploads/2026/02/image4-1-1024x737.jpg"
"https://businessrocket.ai/wp-content/uploads/2026/02/image5-2-1024x613.png","image/png","200","OK","Indexable","","","74","","https://businessrocket.ai/wp-content/uploads/2026/02/image5-2-1024x613.png"
"https://businessrocket.ai/wp-content/uploads/2026/02/image1-3-1024x410.png","image/png","200","OK","Indexable","","","74","","https://businessrocket.ai/wp-content/uploads/2026/02/image1-3-1024x410.png"
"https://businessrocket.ai/category/resources/","text/html; charset=UTF-8","200","OK","Indexable","","15136967c2260534eef1b99c087d9c98","45","https://businessrocket.ai/category/resources/","https://businessrocket.ai/category/resources/"
"https://businessrocket.ai/wp-content/uploads/elementor/css/post-6879.css?ver=1771431057","text/css","200","OK","Indexable","","","87","","https://businessrocket.ai/wp-content/uploads/elementor/css/post-6879.css?ver=1771431057"
"https://businessrocket.ai/wp-content/plugins/optinmonster/assets/dist/js/helper.min.js?ver=1771507431","application/javascript","200","OK","Indexable","","","101","","https://businessrocket.ai/wp-content/plugins/optinmonster/assets/dist/js/helper.min.js?ver=1771507431"
"https://businessrocket.ai/wp-content/uploads/2026/02/image2-1024x1024.jpg","image/jpeg","200","OK","Indexable","","","73","","https://businessrocket.ai/wp-content/uploads/2026/02/image2-1024x1024.jpg"
"https://businessrocket.ai/wp-content/uploads/2026/02/image4-2-1024x399.png","image/png","200","OK","Indexable","","","74","","https://businessrocket.ai/wp-content/uploads/2026/02/image4-2-1024x399.png"
"https://businessrocket.ai/wp-includes/js/comment-reply.js?ver=6.9.1","application/javascript","200","OK","Indexable","","","67","","https://businessrocket.ai/wp-includes/js/comment-reply.js?ver=6.9.1"
"https://businessrocket.ai/wp-content/plugins/elementor-pro/assets/css/widget-author-box.min.css?ver=3.35.1","text/css","200","OK","Indexable","","","106","","https://businessrocket.ai/wp-content/plugins/elementor-pro/assets/css/widget-author-box.min.css?ver=3.35.1"
"https://businessrocket.ai/tag/web-design-development/","text/html; charset=UTF-8","200","OK","Non-Indexable","noindex","f280ff68f166dfaf2a432ace6cf4f3b","53","","https://businessrocket.ai/tag/web-design-development/"
"https://businessrocket.ai/wp-content/uploads/2026/02/image3-3-1024x493.png","image/png","200","OK","Indexable","","","74","","https://businessrocket.ai/wp-content/uploads/2026/02/image3-3-1024x493.png"
"https://businessrocket.ai/wp-content/uploads/elementor/css/post-5091.css?ver=1771428152","text/css","200","OK","Indexable","","","87","","https://businessrocket.ai/wp-content/uploads/elementor/css/post-5091.css?ver=1771428152"
"https://businessrocket.ai/wp-content/plugins/optinmonster/assets/dist/js/helper.min.js?ver=1771494827","application/javascript","200","OK","Indexable","","","101","","https://businessrocket.ai/wp-content/plugins/optinmonster/assets/dist/js/helper.min.js?ver=1771494827"
"https://businessrocket.ai/wp-content/uploads/elementor/css/post-7595.css?ver=1771454886","text/css","200","OK","Indexable","","","87","","https://businessrocket.ai/wp-content/uploads/elementor/css/post-7595.css?ver=1771454886"
"https://businessrocket.ai/wp-content/plugins/optinmonster/assets/dist/js/helper.min.js?ver=1771508769","application/javascript","200","OK","Indexable","","","101","","https://businessrocket.ai/wp-content/plugins/optinmonster/assets/dist/js/helper.min.js?ver=1771508769"
"https://businessrocket.ai/wp-content/uploads/2026/01/screencapture-12mileevents-2026-01-14-12_38_59-scaled.webp","image/webp","200","OK","Indexable","","","111","","https://businessrocket.ai/wp-content/uploads/2026/01/screencapture-12mileevents-2026-01-14-12_38_59-scaled.webp"
"https://businessrocket.ai/wp-content/uploads/2026/01/screencapture-cncpipeprofilers-2026-01-14-12_27_21-scaled.webp","image/webp","200","OK","Indexable","","","115","","https://businessrocket.ai/wp-content/uploads/2026/01/screencapture-cncpipeprofilers-2026-01-14-12_27_21-scaled.webp"
"https://businessrocket.ai/wp-content/plugins/optinmonster/assets/dist/js/helper.min.js?ver=1771495671","application/javascript","200","OK","Indexable","","","101","","https://businessrocket.ai/wp-content/plugins/optinmonster/assets/dist/js/helper.min.js?ver=1771495671"
"https://businessrocket.ai/wp-content/uploads/elementor/css/post-7586.css?ver=1771495671","text/css","200","OK","Indexable","","","87","","https://businessrocket.ai/wp-content/uploads/elementor/css/post-7586.css?ver=1771495671"
"https://businessrocket.ai/wp-content/plugins/optinmonster/assets/dist/js/helper.min.js?ver=1771493729","application/javascript","200","OK","Indexable","","","101","","https://businessrocket.ai/wp-content/plugins/optinmonster/assets/dist/js/helper.min.js?ver=1771493729"
"https://businessrocket.ai/project/astrea-managed-real-estate/","text/html; charset=UTF-8","200","OK","Non-Indexable","noindex","5a9b460c8408cbd17eeb114d48749a91","61","","https://businessrocket.ai/project/astrea-managed-real-estate/"
"https://businessrocket.ai/project-category/retail/","text/html; charset=UTF-8","200","OK","Non-Indexable","noindex","fe0c39401419ce7151ffdb96832126d5","50","","https://businessrocket.ai/project-category/retail/"
"https://businessrocket.ai/wp-content/uploads/2025/03/Astrea-Real-Estate-1-1024x439.webp","image/webp","200","OK","Indexable","","","87","","https://businessrocket.ai/wp-content/uploads/2025/03/Astrea-Real-Estate-1-1024x439.webp"
"https://businessrocket.ai/project-category/content-marketing/","text/html; charset=UTF-8","200","OK","Non-Indexable","noindex","e2e06734339f2d747c6835d01eccc813","61","","https://businessrocket.ai/project-category/content-marketing/"
"https://businessrocket.ai/wp-content/uploads/2025/04/Logobrand-05.png","image/png","200","OK","Indexable","","","69","","https://businessrocket.ai/wp-content/uploads/2025/04/Logobrand-05.png"
"https://businessrocket.ai/wp-content/uploads/2025/03/San-Corp-1024x451.webp","image/webp","200","OK","Indexable","","","75","","https://businessrocket.ai/wp-content/uploads/2025/03/San-Corp-1024x451.webp"
"https://businessrocket.ai/wp-content/uploads/2025/03/High-Society-Marketing-1024x430.webp","image/webp","200","OK","Indexable","","","89","","https://businessrocket.ai/wp-content/uploads/2025/03/High-Society-Marketing-1024x430.webp"
"https://businessrocket.ai/wp-content/uploads/2025/04/aastrea.jpg","image/jpeg","200","OK","Indexable","","","64","","https://businessrocket.ai/wp-content/uploads/2025/04/aastrea.jpg"
"https://businessrocket.ai/project/san-corp-reliable-commercial-sanitation/","text/html; charset=UTF-8","200","OK","Non-Indexable","noindex","1089ce74f3bfddd7a9334df43b263721","74","","https://businessrocket.ai/project/san-corp-reliable-commercial-sanitation/"
"https://businessrocket.ai/wp-content/uploads/2026/01/cropped-FlooringClearanceWarehouse_Jan2020-1.png","image/png","200","OK","Indexable","","","101","","https://businessrocket.ai/wp-content/uploads/2026/01/cropped-FlooringClearanceWarehouse_Jan2020-1.png"
"https://businessrocket.ai/wp-content/uploads/2025/03/Pink-Pumpking-Farm-1024x445.webp","image/webp","200","OK","Indexable","","","85","","https://businessrocket.ai/wp-content/uploads/2025/03/Pink-Pumpking-Farm-1024x445.webp"
"https://businessrocket.ai/wp-content/uploads/2025/04/Logobrand-03.png","image/png","200","OK","Indexable","","","69","","https://businessrocket.ai/wp-content/uploads/2025/04/Logobrand-03.png"
"https://businessrocket.ai/project/flooring-clearance-warehouse/","text/html; charset=UTF-8","200","OK","Non-Indexable","noindex","b6230589929d97ef35d2a10eb27c61c6","63","","https://businessrocket.ai/project/flooring-clearance-warehouse/"
"https://businessrocket.ai/wp-content/uploads/2026/01/Untitled-design-1.png","image/png","200","OK","Indexable","","","74","","https://businessrocket.ai/wp-content/uploads/2026/01/Untitled-design-1.png"
"https://businessrocket.ai/wp-content/uploads/2026/01/Screenshot-2026-01-12-225744-1024x477.webp","image/webp","200","OK","Indexable","","","95","","https://businessrocket.ai/wp-content/uploads/2026/01/Screenshot-2026-01-12-225744-1024x477.webp"
"https://businessrocket.ai/project/high-society-real-estate-marketing/","text/html; charset=UTF-8","200","OK","Non-Indexable","noindex","30991f02296226548a3d2fc678ee2a95","69","","https://businessrocket.ai/project/high-society-real-estate-marketing/"
"https://businessrocket.ai/project/pink-pumpkin-farm/","text/html; charset=UTF-8","200","OK","Non-Indexable","noindex","f60e2b29d6c47e4de99e86f8654d9a7b","52","","https://businessrocket.ai/project/pink-pumpkin-farm/"
"https://businessrocket.ai/wp-content/uploads/2026/01/screencapture-cashforjunkcarscalgary-ca-2026-01-13-21_45_38-scaled.webp","image/webp","200","OK","Indexable","","","124","","https://businessrocket.ai/wp-content/uploads/2026/01/screencapture-cashforjunkcarscalgary-ca-2026-01-13-21_45_38-scaled.webp"
"https://businessrocket.ai/wp-content/uploads/elementor/css/post-7577.css?ver=1771454493","text/css","200","OK","Indexable","","","87","","https://businessrocket.ai/wp-content/uploads/elementor/css/post-7577.css?ver=1771454493"
"https://businessrocket.ai/project-category/seo/","text/html; charset=UTF-8","200","OK","Non-Indexable","noindex","bcdf99705b32639c11a847eccdcec040","47","","https://businessrocket.ai/project-category/seo/"
"https://businessrocket.ai/wp-content/plugins/optinmonster/assets/dist/js/helper.min.js?ver=1771508761","application/javascript","200","OK","Indexable","","","101","","https://businessrocket.ai/wp-content/plugins/optinmonster/assets/dist/js/helper.min.js?ver=1771508761"
"https://businessrocket.ai/wp-content/plugins/optinmonster/assets/dist/js/helper.min.js?ver=1771508771","application/javascript","200","OK","Indexable","","","101","","https://businessrocket.ai/wp-content/plugins/optinmonster/assets/dist/js/helper.min.js?ver=1771508771"
"https://businessrocket.ai/wp-content/plugins/optinmonster/assets/dist/js/helper.min.js?ver=1771508777","application/javascript","200","OK","Indexable","","","101","","https://businessrocket.ai/wp-content/plugins/optinmonster/assets/dist/js/helper.min.js?ver=1771508777"
"https://businessrocket.ai/wp-content/uploads/2026/01/screencapture-rgconcrete-ca-2026-01-13-20_34_48-scaled.webp","image/webp","200","OK","Indexable","","","112","","https://businessrocket.ai/wp-content/uploads/2026/01/screencapture-rgconcrete-ca-2026-01-13-20_34_48-scaled.webp"
"https://businessrocket.ai/wp-content/uploads/elementor/css/post-7546.css?ver=1771508777","text/css","200","OK","Indexable","","","87","","https://businessrocket.ai/wp-content/uploads/elementor/css/post-7546.css?ver=1771508777"
"https://businessrocket.ai/wp-content/uploads/elementor/css/post-7607.css?ver=1771508767","text/css","200","OK","Indexable","","","87","","https://businessrocket.ai/wp-content/uploads/elementor/css/post-7607.css?ver=1771508767"
"https://businessrocket.ai/wp-content/plugins/optinmonster/assets/dist/js/helper.min.js?ver=1771508767","application/javascript","200","OK","Indexable","","","101","","https://businessrocket.ai/wp-content/plugins/optinmonster/assets/dist/js/helper.min.js?ver=1771508767"
"https://businessrocket.ai/wp-content/uploads/2026/01/screencapture-tlcrenos-ca-2026-01-14-12_52_42-scaled.webp","image/webp","200","OK","Indexable","","","110","","https://businessrocket.ai/wp-content/uploads/2026/01/screencapture-tlcrenos-ca-2026-01-14-12_52_42-scaled.webp"
"https://businessrocket.ai/wp-content/uploads/2026/01/Screenshot-2026-01-13-140510-1024x448.webp","image/webp","200","OK","Indexable","","","95","","https://businessrocket.ai/wp-content/uploads/2026/01/Screenshot-2026-01-13-140510-1024x448.webp"
"https://businessrocket.ai/wp-content/plugins/optinmonster/assets/dist/js/helper.min.js?ver=1771508759","application/javascript","200","OK","Indexable","","","101","","https://businessrocket.ai/wp-content/plugins/optinmonster/assets/dist/js/helper.min.js?ver=1771508759"
"https://businessrocket.ai/wp-content/uploads/elementor/css/post-7566.css?ver=1771495697","text/css","200","OK","Indexable","","","87","","https://businessrocket.ai/wp-content/uploads/elementor/css/post-7566.css?ver=1771495697"
"https://businessrocket.ai/project/another-storey-renovations/","text/html; charset=UTF-8","200","OK","Non-Indexable","noindex","acd74834b82c84a8eee87534c02299f0","61","","https://businessrocket.ai/project/another-storey-renovations/"
"https://businessrocket.ai/wp-content/plugins/elementor-pro/assets/css/widget-post-info.min.css?ver=3.35.1","text/css","200","OK","Indexable","","","105","","https://businessrocket.ai/wp-content/plugins/elementor-pro/assets/css/widget-post-info.min.css?ver=3.35.1"
"https://businessrocket.ai/wp-content/plugins/optinmonster/assets/dist/js/helper.min.js?ver=1771495697","application/javascript","200","OK","Indexable","","","101","","https://businessrocket.ai/wp-content/plugins/optinmonster/assets/dist/js/helper.min.js?ver=1771495697"
"https://businessrocket.ai/wp-content/uploads/2026/01/screencapture-mymontessoritutoring-ca-2026-01-13-21_33_58-scaled.webp","image/webp","200","OK","Indexable","","","122","","https://businessrocket.ai/wp-content/uploads/2026/01/screencapture-mymontessoritutoring-ca-2026-01-13-21_33_58-scaled.webp"
"https://businessrocket.ai/wp-content/plugins/optinmonster/assets/dist/js/helper.min.js?ver=1771508763","application/javascript","200","OK","Indexable","","","101","","https://businessrocket.ai/wp-content/plugins/optinmonster/assets/dist/js/helper.min.js?ver=1771508763"
"https://businessrocket.ai/wp-content/uploads/elementor/css/post-3091.css?ver=1771431151","text/css","200","OK","Indexable","","","87","","https://businessrocket.ai/wp-content/uploads/elementor/css/post-3091.css?ver=1771431151"
"https://businessrocket.ai/seo-services/","text/html; charset=UTF-8","200","OK","Indexable","","845e8a2c755f5247f3bd620879258072","39","https://businessrocket.ai/seo-services/","https://businessrocket.ai/seo-services/"
"https://businessrocket.ai/seo-tools/","text/html; charset=UTF-8","200","OK","Indexable","","e87428a658ef707bf22be7965cf47729","36","https://businessrocket.ai/seo-tools/","https://businessrocket.ai/seo-tools/"
"https://businessrocket.ai/social-media-marketing-tools/","text/html; charset=UTF-8","200","OK","Indexable","","be3b951b7ca65b6bade7058d6a81e175","55","https://businessrocket.ai/social-media-marketing-tools/","https://businessrocket.ai/social-media-marketing-tools/"
"https://businessrocket.ai/wp-content/plugins/optinmonster/assets/dist/js/helper.min.js?ver=1771495154","application/javascript","200","OK","Indexable","","","101","","https://businessrocket.ai/wp-content/plugins/optinmonster/assets/dist/js/helper.min.js?ver=1771495154"
"https://businessrocket.ai/best-email-marketing-platform/","text/html; charset=UTF-8","200","OK","Indexable","","aa54610e95b755a2a1949fa8f4d00b4d","56","https://businessrocket.ai/best-email-marketing-platform/","https://businessrocket.ai/best-email-marketing-platform/"
"https://businessrocket.ai/what-is-seo/","text/html; charset=UTF-8","200","OK","Indexable","","677b757b5f948a557646090a5e3a7c17","38","https://businessrocket.ai/what-is-seo/","https://businessrocket.ai/what-is-seo/"
"https://businessrocket.ai/wp-content/uploads/2025/11/image2-2.jpg","image/jpeg","200","OK","Indexable","","","65","","https://businessrocket.ai/wp-content/uploads/2025/11/image2-2.jpg"
"https://businessrocket.ai/wp-content/uploads/2025/11/image2-1-1024x732.jpg","image/jpeg","200","OK","Indexable","","","74","","https://businessrocket.ai/wp-content/uploads/2025/11/image2-1-1024x732.jpg"
"https://businessrocket.ai/wp-content/uploads/2025/11/image3-1024x512.jpg","image/jpeg","200","OK","Indexable","","","72","","https://businessrocket.ai/wp-content/uploads/2025/11/image3-1024x512.jpg"
"https://businessrocket.ai/domain-auction/","text/html; charset=UTF-8","200","OK","Indexable","","b4b295ee7db3eddd426484c3566f3fc6","41","https://businessrocket.ai/domain-auction/","https://businessrocket.ai/domain-auction/"
"https://businessrocket.ai/wordpress-seo/","text/html; charset=UTF-8","200","OK","Indexable","","a2da5ca40aefb8717ae658f0bc6b7b0d","40","https://businessrocket.ai/wordpress-seo/","https://businessrocket.ai/wordpress-seo/"
"https://businessrocket.ai/best-website-hosting/","text/html; charset=UTF-8","200","OK","Indexable","","5d8bb0991cb6a6e8e5d2dff6f75f84d4","47","https://businessrocket.ai/best-website-hosting/","https://businessrocket.ai/best-website-hosting/"
"https://businessrocket.ai/wp-content/uploads/2025/12/image1-1-1024x683.jpg","image/jpeg","200","OK","Indexable","","","74","","https://businessrocket.ai/wp-content/uploads/2025/12/image1-1-1024x683.jpg"
"https://businessrocket.ai/wp-content/uploads/2026/01/image11-1-1024x651.jpg","image/jpeg","200","OK","Indexable","","","75","","https://businessrocket.ai/wp-content/uploads/2026/01/image11-1-1024x651.jpg"
"https://businessrocket.ai/wp-content/plugins/optinmonster/assets/dist/js/helper.min.js?ver=1771536066","application/javascript","200","OK","Indexable","","","101","","https://businessrocket.ai/wp-content/plugins/optinmonster/assets/dist/js/helper.min.js?ver=1771536066"
"https://businessrocket.ai/wp-content/uploads/2025/08/image4-10-1024x735.jpg","image/jpeg","200","OK","Indexable","","","75","","https://businessrocket.ai/wp-content/uploads/2025/08/image4-10-1024x735.jpg"
"https://businessrocket.ai/wp-content/uploads/2026/01/image15-1024x614.png","image/png","200","OK","Indexable","","","73","","https://businessrocket.ai/wp-content/uploads/2026/01/image15-1024x614.png"
"https://businessrocket.ai/wordpress-plugins/","text/html; charset=UTF-8","200","OK","Indexable","","3974146731961d14105d562e6205577b","44","https://businessrocket.ai/wordpress-plugins/","https://businessrocket.ai/wordpress-plugins/"
"https://businessrocket.ai/wordpress-template/","text/html; charset=UTF-8","200","OK","Indexable","","b3e44b8ad982f5af6346c70b12f0ee72","45","https://businessrocket.ai/wordpress-template/","https://businessrocket.ai/wordpress-template/"
"https://businessrocket.ai/wp-content/plugins/optinmonster/assets/dist/js/helper.min.js?ver=1771495237","application/javascript","200","OK","Indexable","","","101","","https://businessrocket.ai/wp-content/plugins/optinmonster/assets/dist/js/helper.min.js?ver=1771495237"
"https://businessrocket.ai/free-wordpress-themes/","text/html; charset=UTF-8","200","OK","Indexable","","9b70aeef1662762780473f853751a509","48","https://businessrocket.ai/free-wordpress-themes/","https://businessrocket.ai/free-wordpress-themes/"
"https://businessrocket.ai/wp-content/uploads/2026/01/image4-2-1024x683.jpg","image/jpeg","200","OK","Indexable","","","74","","https://businessrocket.ai/wp-content/uploads/2026/01/image4-2-1024x683.jpg"
"https://businessrocket.ai/wordpress-theme/","text/html; charset=UTF-8","200","OK","Indexable","","15cb01a6d46d4d636cee9aa2414ac343","42","https://businessrocket.ai/wordpress-theme/","https://businessrocket.ai/wordpress-theme/"
"https://businessrocket.ai/best-newsletter-design/","text/html; charset=UTF-8","200","OK","Indexable","","327ed815b309271059d36f46db486209","49","https://businessrocket.ai/best-newsletter-design/","https://businessrocket.ai/best-newsletter-design/"
"https://businessrocket.ai/social-media-expert/","text/html; charset=UTF-8","200","OK","Indexable","","c351a477df63a59c9e45fe7429bb5380","46","https://businessrocket.ai/social-media-expert/","https://businessrocket.ai/social-media-expert/"
"https://businessrocket.ai/wp-content/uploads/2026/01/image4-1024x766.jpg","image/jpeg","200","OK","Indexable","","","72","","https://businessrocket.ai/wp-content/uploads/2026/01/image4-1024x766.jpg"
"https://businessrocket.ai/wp-content/uploads/2025/09/image4-3-1024x683.jpg","image/jpeg","200","OK","Indexable","","","74","","https://businessrocket.ai/wp-content/uploads/2025/09/image4-3-1024x683.jpg"
"https://businessrocket.ai/wp-content/uploads/2025/09/image2-2.png","image/png","200","OK","Indexable","","","65","","https://businessrocket.ai/wp-content/uploads/2025/09/image2-2.png"
"https://businessrocket.ai/wp-content/uploads/2025/12/image2-2-1024x683.jpg","image/jpeg","200","OK","Indexable","","","74","","https://businessrocket.ai/wp-content/uploads/2025/12/image2-2-1024x683.jpg"
"https://businessrocket.ai/wp-content/uploads/2025/08/image2-6-1024x578.jpg","image/jpeg","200","OK","Indexable","","","74","","https://businessrocket.ai/wp-content/uploads/2025/08/image2-6-1024x578.jpg"
"https://businessrocket.ai/wp-content/uploads/2025/09/image2-4-1024x682.jpg","image/jpeg","200","OK","Indexable","","","74","","https://businessrocket.ai/wp-content/uploads/2025/09/image2-4-1024x682.jpg"
"https://businessrocket.ai/wp-content/plugins/optinmonster/assets/dist/js/helper.min.js?ver=1771507546","application/javascript","200","OK","Indexable","","","101","","https://businessrocket.ai/wp-content/plugins/optinmonster/assets/dist/js/helper.min.js?ver=1771507546"
"https://businessrocket.ai/digital-advertising-agency/","text/html; charset=UTF-8","200","OK","Indexable","","b3adf45a92013907e8116e386d3b1880","53","https://businessrocket.ai/digital-advertising-agency/","https://businessrocket.ai/digital-advertising-agency/"
"https://businessrocket.ai/seo-keywords/","text/html; charset=UTF-8","200","OK","Indexable","","180730ddb5bc27f4b9660ea9793df4ae","39","https://businessrocket.ai/seo-keywords/","https://businessrocket.ai/seo-keywords/"
"https://businessrocket.ai/benefits-of-social-media-marketing/","text/html; charset=UTF-8","200","OK","Indexable","","2569b00d3607737518948a5b06e1d6d6","61","https://businessrocket.ai/benefits-of-social-media-marketing/","https://businessrocket.ai/benefits-of-social-media-marketing/"
"https://businessrocket.ai/wp-content/uploads/2025/08/image1-7-1024x683.jpg","image/jpeg","200","OK","Indexable","","","74","","https://businessrocket.ai/wp-content/uploads/2025/08/image1-7-1024x683.jpg"
"https://businessrocket.ai/facebook-ads-guide/","text/html; charset=UTF-8","200","OK","Indexable","","7e0a04e6fc1c6a0303bf0f15cb889688","45","https://businessrocket.ai/facebook-ads-guide/","https://businessrocket.ai/facebook-ads-guide/"
"https://businessrocket.ai/wp-content/uploads/2025/11/image2-5-1024x683.jpg","image/jpeg","200","OK","Indexable","","","74","","https://businessrocket.ai/wp-content/uploads/2025/11/image2-5-1024x683.jpg"
"https://businessrocket.ai/social-media-marketing-plan/","text/html; charset=UTF-8","200","OK","Indexable","","bfc78e8e522c29f1ca61bf56d91a09f2","54","https://businessrocket.ai/social-media-marketing-plan/","https://businessrocket.ai/social-media-marketing-plan/"
"https://businessrocket.ai/social-media-marketing-agencies/","text/html; charset=UTF-8","200","OK","Indexable","","f73764261d37fd1e0691b22b54332644","58","https://businessrocket.ai/social-media-marketing-agencies/","https://businessrocket.ai/social-media-marketing-agencies/"
"https://businessrocket.ai/wp-content/plugins/optinmonster/assets/dist/js/helper.min.js?ver=1771507534","application/javascript","200","OK","Indexable","","","101","","https://businessrocket.ai/wp-content/plugins/optinmonster/assets/dist/js/helper.min.js?ver=1771507534"
"https://businessrocket.ai/wp-content/uploads/2026/01/image1-5-1024x594.jpg","image/jpeg","200","OK","Indexable","","","74","","https://businessrocket.ai/wp-content/uploads/2026/01/image1-5-1024x594.jpg"
"https://businessrocket.ai/yoast-seo/","text/html; charset=UTF-8","200","OK","Indexable","","cf3a20bf2aeaa9b9fa73172972208098","36","https://businessrocket.ai/yoast-seo/","https://businessrocket.ai/yoast-seo/"
"https://businessrocket.ai/wordpress-hosting/","text/html; charset=UTF-8","200","OK","Indexable","","5d7984e54a048027ba6907afd4aa664","44","https://businessrocket.ai/wordpress-hosting/","https://businessrocket.ai/wordpress-hosting/"
